termKey,canonical,aliases,tier,df,domains,topN出处,sampleEvidence,decision,note
客体审查,客体审查,,seed,0,1,examination-guideline:02-01-02；examination-guideline:02-09；examination-guideline:02-10-02；examination-guideline:02-11-02,,,
不授予专利权,不授予专利权,违反法律；公德；公共利益,seed,8,3,examination-guideline:01-01-07-02；examination-guideline:01-03-06；examination-guideline:01-03-06-01；examination-guideline:02-01-03-01；patent-law:law-01-05,违反法律，是指外观设计专利申请的内容违反了由全国人民代表大会或者全国人民代表大会,,
遗传资源,遗传资源,,seed,9,3,examination-guideline:01-01-05；examination-guideline:01-01-05-03；examination-guideline:02-01-01；examination-guideline:02-01-03；examination-guideline:02-01-03-02,依赖遗传资源完成的发明创造申请专利,,
不授予专利权的客体,不授予专利权的客体,,seed,1,2,examination-guideline:02-01-04；examination-guideline:03-02-02；patent-law:law-02-04,专利法第二十五条第一款第（一）项至第（五）项：不授予专利权的客体,,
科学发现,科学发现,,seed,5,2,examination-guideline:01-01-07；examination-guideline:02-01-04-01；examination-guideline:02-10-02；examination-guideline:02-10-02-01；examination-guideline:02-11-02,（1）科学发现,,
智力活动规则方法,智力活动规则方法,智力活动；智力活动的规则和方法,seed,8,2,examination-guideline:01-01-07；examination-guideline:02-01-04-02；examination-guideline:02-09-02；examination-guideline:02-09-03；examination-guideline:02-09-04,智力活动，是指人的思维运动，它源于人的思维,,
疾病的诊断和治疗方法,疾病的诊断和治疗方法,,seed,4,3,examination-guideline:01-01-07；examination-guideline:02-01-04-03；chemistry-drafting-rules:chem-01-05-07；patent-law:law-02-04,即疾病的诊断和治疗方法，这类方法直接以有生命的人体或动物体为实施对象,,
外科手术方法,外科手术方法,,seed,1,1,examination-guideline:02-01-04-03；examination-guideline:02-05-03-02,外科手术方法，是指使用器械对有生命的人体或者动物体实施的剖开、切除、缝合、纹刺等,,
动物和植物品种,动物和植物品种,,seed,2,2,examination-guideline:01-01-07；examination-guideline:02-01-04-04；examination-guideline:02-10-09-01；patent-law:law-02-04,（4）动物和植物品种,,
原子核变换方法,原子核变换方法,,seed,3,2,examination-guideline:01-01-07；examination-guideline:02-01-04-05；patent-law:law-02-04,（5）原子核变换方法以及用原子核变换方法获得的物质,,
计算机程序,计算机程序,计算机程序本身,seed,1,1,examination-guideline:02-09；examination-guideline:02-09-01,本章所说的计算机程序本身是指为了能够得到某种结果,,
人工智能,人工智能,大数据,seed,0,1,examination-guideline:02-09-06,,,
比特流,比特流,,seed,1,1,examination-guideline:02-09-07,各种类型的数据一般以比特流的形式生成、存储、传输等,,
商业规则方法,商业规则方法,,seed,0,1,examination-guideline:02-09-06,,,
说明书充分公开,说明书充分公开,充分公开,seed,10,2,examination-guideline:02-02-02-01；examination-guideline:02-09-06-03；examination-guideline:02-10-03；examination-guideline:02-10-09-05；examination-guideline:02-11-03,化合物类专利申请中，需要特别注意的是专利法 26.3 规定的充分公开问题,,
实施例,实施例,,seed,4,3,examination-guideline:02-02-02-02；examination-guideline:02-10-03；examination-guideline:02-10-03-04；chemistry-drafting-rules:chem-01-04-06；chemistry-drafting-rules:chem-02-03-03,实施例就是一个个具体的实验过程,,
补交实验数据,补交实验数据,,seed,1,1,examination-guideline:02-10-03；examination-guideline:02-10-03-05,补交实验数据所证明的技术效果应当是所属技术领域的技术人员能够,,
权利要求清楚简要,权利要求清楚简要,,seed,0,1,examination-guideline:02-02-03-02,,,
以说明书为依据,以说明书为依据,权利要求得到说明书的支持；权利要求书以说明书为依据；说明书支持,seed,4,2,examination-guideline:02-02-03-02；examination-guideline:03-02-02；oa-response-guide:oa-04-01；oa-response-guide:oa-04-02,权利要求书应当以说明书为依据，是指权利要求应当得到说明书的支持,,
必要技术特征,必要技术特征,,seed,12,4,examination-guideline:02-02-03-01；examination-guideline:02-08-04-02；examination-guideline:02-08-06；examination-guideline:02-08-06-01；examination-guideline:02-09-05,可以思考哪些是解决技术问题的必要技术特征，以此形成的集合就是完整的技术方案,,
独立权利要求,独立权利要求,主权,seed,24,6,examination-guideline:01-02-07；examination-guideline:01-04-03；examination-guideline:02-02-03-01；examination-guideline:02-02-03-03；examination-guideline:02-06-02-02,在先独立权利要求不得引用在后独立权利要求,,
从属权利要求,从属权利要求,从权,seed,20,6,examination-guideline:01-02-07；examination-guideline:02-02-03-01；examination-guideline:02-02-03-03；examination-guideline:02-06-02-02；examination-guideline:02-07-03,从属权利要求撰写应当包括引用部分和限定部分，且引用的主题名称与独权一致,,
功能性特征,功能性特征,功能或者效果特征,seed,4,2,examination-guideline:01-02-07；examination-guideline:02-02-03-03；infringement-guide:infr-01-03；infringement-guide:infr-02-02；infringement-guide:infr-02-03,功能性特征，是指对于结构、组分、材料、步骤、条件或其之间的关系等,,
马库什权利要求,马库什权利要求,,seed,2,1,examination-guideline:02-06-02-02；examination-guideline:02-10-08；examination-guideline:02-10-08-01,后一种情况经常出现在马库什权利要求中,,
用途权利要求,用途权利要求,,seed,2,2,examination-guideline:02-10-04；examination-guideline:02-10-04-05；chemistry-drafting-rules:chem-01-03-01,既可以采用“用途权利要求”来保护,,
瑞士型权利要求,瑞士型权利要求,制备用途权利要求；制药方法类型的用途权利要求,seed,2,2,examination-guideline:02-10-04；examination-guideline:02-10-04-05；chemistry-drafting-rules:chem-01-05-06,应改写为“制备用途”权利要求,,
新颖性,新颖性,,seed,21,6,examination-guideline:01-02-11；examination-guideline:02-03；examination-guideline:02-03-01；examination-guideline:02-03-02；examination-guideline:02-08-04-04,选出重要的、对申请的新颖性和创造性起作用的技术特征,,
现有技术,现有技术,,seed,22,7,examination-guideline:01-02-11；examination-guideline:01-04-02；examination-guideline:01-04-03；examination-guideline:01-04-04-01；examination-guideline:02-02-02-01,禁止出现“现有技术”、“传统技术”等字眼,,
抵触申请,抵触申请,,seed,19,3,examination-guideline:01-02-11；examination-guideline:01-02-15；examination-guideline:01-03-08；examination-guideline:02-03-02；examination-guideline:02-03-02-02,有关现有技术或者抵触申请的信息,,
单独对比,单独对比,,seed,2,1,examination-guideline:02-03-03；examination-guideline:02-03-03-01；examination-guideline:04-05-05,判断发明或者实用新型专利申请的新颖性适用单独对比的原则,,
上位下位概念,上位下位概念,上下位概念；上位概念与下位概念,seed,2,3,examination-guideline:02-03-03-02；chemistry-drafting-rules:chem-01-03-01；mechanical-drafting-rules:mech-01-02-01,同一权利要求中，避免上下位概念并列,,
惯用手段直接置换,惯用手段直接置换,惯用手段的直接置换,seed,3,2,examination-guideline:02-03-03；examination-guideline:02-03-03-02；oa-response-guide:oa-01-02；oa-response-guide:oa-01-04,所属技术领域的惯用手段的直接置换,,
数值范围,数值范围,端点值；上下限,seed,1,3,examination-guideline:02-03-03-02；examination-guideline:02-08-05-02；infringement-guide:infr-02-03；chemistry-drafting-rules:chem-01-03-01；chemistry-drafting-rules:chem-01-04-04,数值范围的两个端值在原说明书和/或权利要求书中已确实记载,,
制法限定的产品权要,制法限定的产品权要,用制备方法表征的化学产品权利要求,seed,1,1,examination-guideline:02-03-03-02；examination-guideline:02-10-05,对于用制备方法表征的化学产品权利要求，其新颖性审查应针对该产品本身进行,,
创造性,创造性,发明的创造性,seed,19,5,examination-guideline:01-02-11；examination-guideline:02-03-01；examination-guideline:02-04；examination-guideline:02-04-02；examination-guideline:02-08-04-04,选出重要的、对申请的新颖性和创造性起作用的技术特征,,
三步法,三步法,,seed,1,2,examination-guideline:02-04-03-02；oa-response-guide:oa-02-03,通常可按照“三步法”进行答复,,
最接近的现有技术,最接近的现有技术,,seed,10,3,examination-guideline:02-02-03-03；examination-guideline:02-04-03；examination-guideline:02-04-03-02；examination-guideline:02-08-05-02；examination-guideline:02-09-06-02,在合适的情况下，选用一份与发明或者实用新型要求保护的主题最接近的现有技术文件进行,,
区别特征,区别特征,,seed,3,2,examination-guideline:02-04-03；examination-guideline:02-04-03-02；examination-guideline:02-10-09-04；oa-response-guide:oa-02-08,要求保护的发明与最接近的现有技术相比有哪些区别特征,,
实际解决的技术问题,实际解决的技术问题,发明实际解决的技术问题,seed,5,2,examination-guideline:02-04-03；examination-guideline:02-04-03-02；examination-guideline:02-10-09-04；oa-response-guide:oa-02-03；oa-response-guide:oa-02-04,确定发明实际解决的技术问题的依据包括,,
技术启示,技术启示,,seed,10,3,examination-guideline:02-04-03；examination-guideline:02-04-03-02；examination-guideline:02-09-06-02；examination-guideline:02-10-06；examination-guideline:02-10-09-04,现有技术整体上是否存在某种技术启示,,
所属技术领域的技术人员,所属技术领域的技术人员,本领域的技术人员；本领域技术人员；所述领域的技术人员；本领域普通技术人员,seed,12,5,examination-guideline:02-02-02-01；examination-guideline:02-04-02；examination-guideline:02-04-02-04；examination-guideline:02-07-10；examination-guideline:02-08-05-02,所属技术领域的技术人员,,
公知常识,公知常识,,seed,10,2,examination-guideline:02-04-03；examination-guideline:02-04-03-02；examination-guideline:02-07-03；examination-guideline:02-08-04-10；examination-guideline:04-02-03,所述区别特征为公知常识,,
事后诸葛亮,事后诸葛亮,,seed,3,2,examination-guideline:02-04-06；examination-guideline:02-04-06-02；oa-response-guide:oa-02-06；oa-response-guide:oa-02-07,避免“事后诸葛亮”,,
预料不到的技术效果,预料不到的技术效果,意想不到的效果,seed,8,3,examination-guideline:02-04-04；examination-guideline:02-04-05；examination-guideline:02-04-05-03；examination-guideline:02-04-06；examination-guideline:02-04-06-03,而选出的方案未能取得预料不到的技术效果,,
技术偏见,技术偏见,,seed,4,2,examination-guideline:02-02-02-01；examination-guideline:02-04-05；examination-guideline:02-04-05-02；examination-guideline:02-04-06；oa-response-guide:oa-07-01,对于克服了技术偏见的发明或者实用新型,,
商业成功,商业成功,发明在商业上获得成功,seed,1,1,examination-guideline:02-04-05；examination-guideline:02-04-05-04,当发明的产品在商业上获得成功时，如果这种成功是由于发明的技术特征直接导致的,,
开拓性发明,开拓性发明,,seed,2,1,examination-guideline:02-02-03-02；examination-guideline:02-04-04；examination-guideline:02-04-04-01,开拓性发明可以比改进性发明有更宽的概括范围,,
选择发明,选择发明,,seed,1,1,examination-guideline:02-04-04；examination-guideline:02-04-04-03,是指从现有技术公开的宽范围中，有目的地选出现有技术中未提到的窄范围或者个体的发明,,
转用发明,转用发明,,seed,1,1,examination-guideline:02-04-04；examination-guideline:02-04-04-04,是指将某一技术领域的现有技术转用到其他技术领域中的发明,,
已知产品新用途,已知产品新用途,已知产品的新用途发明,seed,1,1,examination-guideline:02-04-04；examination-guideline:02-04-04-05；examination-guideline:02-10-06-02,是指将已知产品用于新的目的的发明,,
实用性,实用性,个体行为；有生命人；动物对象,seed,15,3,examination-guideline:01-02-12；examination-guideline:02-03-01；examination-guideline:02-04-01；examination-guideline:02-05；examination-guideline:02-07-10,这样专利申请的化妆品将毫无用处，即无“实用性”,,
再现性,再现性,,seed,3,2,examination-guideline:02-05；examination-guideline:02-05-03-02；chemistry-drafting-rules:chem-01-05-02；chemistry-drafting-rules:chem-01-05-05,因此，这种方案的“再现性”较差，即无“实用性”,,
永动机,永动机,,seed,2,1,examination-guideline:02-05；examination-guideline:02-05-03-02；examination-guideline:04-02-04,违背能量守恒定律的发明或者实用新型专利申请的主题，例如永动机,,
单一性,单一性,多独权引用关系；总的发明构思,seed,21,5,examination-guideline:01-01-07；examination-guideline:01-02-09；examination-guideline:01-02-15；examination-guideline:02-06；examination-guideline:02-06-01,撰写多独权时，应在保证多独权符合单一性的同时,,
特定技术特征,特定技术特征,,seed,8,3,examination-guideline:01-02-09；examination-guideline:02-06-02-01；examination-guideline:02-06-02-02；examination-guideline:02-10-08；oa-response-guide:oa-03-02,确定特定技术特征时一般依据申请文件中所描述的背景技术,,
分案申请,分案申请,分案的申请,seed,22,3,examination-guideline:01-01-04-07；examination-guideline:01-01-05；examination-guideline:01-01-05-01；examination-guideline:01-02-10；examination-guideline:01-02-15,分案申请不适用专利法实施细则第四十五条的规定,,
检索,检索,,seed,0,1,examination-guideline:02-07,,,
实质审查程序,实质审查程序,,seed,0,1,examination-guideline:02-08,,,
优先权审查,优先权审查,,seed,0,1,examination-guideline:01-01-06-02；examination-guideline:02-03-04；examination-guideline:02-08-04-06,,,
答复期限,答复期限,,seed,1,1,examination-guideline:02-08-04-10；examination-guideline:02-08-04-11；examination-guideline:02-08-05-01,申请人可以请求专利局延长指定的答复期限,,
主动修改时机,主动修改时机,,seed,0,1,examination-guideline:02-08-05-02,,,
答复审查意见通知书时的修改,答复审查意见通知书时的修改,,seed,0,1,examination-guideline:02-08-05-02,,,
修改超范围,修改超范围,修改超出原图片或者照片表示的范围,seed,2,3,examination-guideline:01-01-07；examination-guideline:01-01-07-06；examination-guideline:01-03-10；examination-guideline:02-08-05-02；patent-law:law-03-08,对专利申请文件的修改不得超出原说明书和权利要求书记载的范围,,
允许的修改,允许的修改,,seed,0,1,examination-guideline:02-08-05-02,,,
不允许的修改,不允许的修改,,seed,0,1,examination-guideline:02-08-05-02,,,
数值范围放弃,数值范围放弃,,seed,0,1,examination-guideline:02-08-05-02,,,
依职权修改,依职权修改,,seed,5,1,examination-guideline:01-01-08；examination-guideline:01-02-08；examination-guideline:01-03-10；examination-guideline:02-08-04-13；examination-guideline:02-08-05-02,对于发明专利申请文件中文字和符号的明显错误，审查员可以在初步审查合格之前依职权进,,
驳回决定,驳回决定,,seed,10,2,examination-guideline:01-01-03-05；examination-guideline:01-02-03；examination-guideline:01-03-03；examination-guideline:02-08-02；examination-guideline:02-08-06,驳回决定正文包括案由、驳回的理由以及决定三个部分,,
十一种驳回情形,十一种驳回情形,,seed,0,1,examination-guideline:02-08-06-01,,,
听证原则,听证原则,,seed,6,1,examination-guideline:01-01-02；examination-guideline:01-02-02；examination-guideline:01-03-02；examination-guideline:02-08-02；examination-guideline:02-08-04-11,审查员在作出驳回决定之前，应当将驳回所依据的事实、理由和证据通知申请人,,
化学发明审查,化学发明审查,,seed,0,1,examination-guideline:02-10,,,
化合物新颖性,化合物新颖性,化合物的新颖性,seed,1,1,examination-guideline:02-10-05；examination-guideline:02-10-05-01,如果在一份对比文件中记载了化合物的化学名称、分子式（或者结构式）等结构信息,,
化合物创造性,化合物创造性,,seed,0,1,examination-guideline:02-10-06-01,,,
组合物,组合物,封闭式,seed,2,1,examination-guideline:02-10-03；examination-guideline:02-10-04；examination-guideline:02-10-04-02；examination-guideline:02-10-05-02,对于组合物发明，说明书中除了应当记载组合物的组分外,,
医药用途,医药用途,物质的医药用途,seed,1,1,examination-guideline:02-10-02；examination-guideline:02-10-02-02；examination-guideline:02-10-04-05,物质的医药用途如果是用于诊断或者治疗疾病,,
制药用途新颖性,制药用途新颖性,,seed,0,1,examination-guideline:02-10-05-04,,,
生物材料保藏,生物材料保藏,生物材料样品保藏；生物材料的保藏,seed,6,3,examination-guideline:01-01-05；examination-guideline:01-01-05-02；examination-guideline:02-10-09-02；examination-guideline:03-01-05-05；examination-guideline:03-01-05-12,将该生物材料样品提交至国家知识产权局认可的生物材料样品国际保藏单位保藏,,
微生物,微生物,,seed,1,1,examination-guideline:02-10-09-01,微生物包括：细菌、放线菌、真菌、病毒、原生动物、藻类等,,
基因,基因,DNA 片段；基因或者DNA片段,seed,1,1,examination-guideline:02-10-09-01,无论是基因或是DNA片段，其实质是一种化学物质,,
转基因动植物,转基因动植物,转基因动物和植物,seed,1,1,examination-guideline:02-10-09-01,转基因动物或者植物是通过基因工程的重组DNA技术等生物学方法得到的动物或者植物,,
中药发明审查,中药发明审查,,seed,0,1,examination-guideline:02-11,,,
中药组合物,中药组合物,中药组方；中药复方,seed,1,1,examination-guideline:02-11-02；examination-guideline:02-11-03-01；examination-guideline:02-11-05-01,中药组合物，也称中药组方或者中药复方,,
不丧失新颖性宽限期,不丧失新颖性宽限期,不丧失新颖性的公开；宽限期；优惠期；新颖性宽限期,seed,7,3,examination-guideline:01-01-06-03；examination-guideline:01-02-04；examination-guideline:02-03-05；examination-guideline:03-01-05-04；examination-guideline:06-02-06-03,应当在得知情况后两个月内提出要求不丧失新颖性宽限期的声明,,
同样的发明创造,同样的发明创造,比较对象,seed,11,4,examination-guideline:01-02-13；examination-guideline:01-03-11；examination-guideline:02-03-06；examination-guideline:02-07-07；examination-guideline:02-08-04-07,同样的发明创造只能授予一项专利权,,
一案两请,一案两请,同日两请,seed,0,1,examination-guideline:02-03-06-02,,,
优先权,优先权,在先申请优先权,seed,18,5,examination-guideline:01-01-04-07；examination-guideline:01-01-06-02；examination-guideline:01-03-05-02；examination-guideline:02-03-04；examination-guideline:02-07-04,要求本国优先权，并且写明在先申请号和申请日的,,
优先权恢复,优先权恢复,优先权要求的恢复；恢复优先权,seed,8,2,examination-guideline:01-01-06-02；examination-guideline:02-03-04；examination-guideline:02-08-03；examination-guideline:03-01-05-02；examination-guideline:03-02-05,还应当查对与优先权恢复、增加、改正等相关的文件,,
优先权要求增加改正,优先权要求增加改正,,seed,0,1,examination-guideline:01-01-06-02,,,
援引加入,援引加入,援引在先申请文件,seed,7,2,examination-guideline:01-01-04-07；examination-guideline:01-02-15；examination-guideline:02-08-03；examination-guideline:02-08-04-01；examination-guideline:03-01-05-03,援引加入的项目或者部分是原始提交的申请文件的一部分,,
实质审查请求,实质审查请求,,seed,5,3,examination-guideline:01-01-06-04；examination-guideline:03-01-05-09；implementation-rules:rule-05-02；implementation-rules:rule-09-02；patent-law:law-05-01,实质审查请求应当在自申请日（有优先权的，指优先权日）起三年内提出,,
提前公布声明,提前公布声明,,seed,1,1,examination-guideline:01-01-06-05,提前公布声明只适用于发明专利申请,,
撤回专利申请声明,撤回专利申请声明,,seed,2,1,examination-guideline:01-01-06-06；examination-guideline:01-02-04,申请人撤回专利申请的，应当提交撤回专利申请声明,,
著录项目变更,著录项目变更,著录事项变更手续,seed,6,2,examination-guideline:01-01-06-07；examination-guideline:01-02-04；examination-guideline:02-08-04-12；examination-guideline:02-08-06；examination-guideline:05-11-09,著录项目（即著录事项）包括：申请号、申请日、发明创造名称、分类号、优先权事项,,
专利权转让,专利权转让,,seed,0,1,examination-guideline:01-01-06-07,,,
辞去委托,辞去委托,,seed,2,1,examination-guideline:01-01-06-01；examination-guideline:01-01-06-07,专利代理机构接受申请人（或专利权人）委托后，可以辞去委托,,
委托代理机构,委托代理机构,委托专利代理机构,seed,2,1,examination-guideline:01-01-06-01；examination-guideline:01-02-04,应当委托专利代理机构办理,,
实用新型客体,实用新型客体,,seed,0,1,examination-guideline:01-02-06,,,
实用新型只保护产品,实用新型只保护产品,,seed,0,1,examination-guideline:01-02-06-01,,,
外观设计客体,外观设计客体,,seed,0,1,examination-guideline:01-03-07,,,
不授予外观设计的11种情形,不授予外观设计的 11 种情形,,seed,0,1,examination-guideline:01-03-07-04,,,
外观设计图片照片,外观设计图片照片,,seed,0,1,examination-guideline:01-03-04-02,,,
简要说明,简要说明,简要说明书,seed,11,2,examination-guideline:01-03-04-02；examination-guideline:01-03-04-03；examination-guideline:01-03-12；examination-guideline:04-05-03；examination-guideline:05-01-05,简要说明可以用于解释图片或者照片所表示的该产品的外观设计,,
局部外观设计,局部外观设计,,seed,5,2,examination-guideline:01-03-04-04；examination-guideline:01-03-12；examination-guideline:04-05-05；implementation-rules:rule-02-14；implementation-rules:rule-02-15,局部外观设计是指对产品的局部的形状、图案或者其结合以及色彩与形状、图案的结合,,
图形用户界面,图形用户界面,GUI,seed,2,1,examination-guideline:01-03-04-05；examination-guideline:01-03-07-04；examination-guideline:01-03-12；examination-guideline:04-05-06,涉及图形用户界面的产品外观设计的,,
动态图形用户界面,动态图形用户界面,,seed,1,1,examination-guideline:01-03-04-05,动态图形用户界面的产品名称要有,,
相似外观设计,相似外观设计,,seed,7,3,examination-guideline:01-03-04-02；examination-guideline:01-03-04-03；examination-guideline:01-03-09；examination-guideline:01-03-09-01；examination-guideline:04-03-05,对于同一产品的相似外观设计，应当在每个设计的视图名称前以阿拉伯数字顺序编号标注,,
成套产品,成套产品,同一类别并且成套出售或者使用的产品；成套产品外观设计,seed,5,3,examination-guideline:01-03-04-02；examination-guideline:01-03-04-03；examination-guideline:01-03-09；examination-guideline:01-03-09-02；implementation-rules:rule-02-24,对于成套产品，应当在其中每件产品的视图名称前以阿拉伯数字顺序编号标注,,
平面印刷品标识性设计,平面印刷品标识性设计,主要起标识作用的设计,seed,1,2,examination-guideline:01-03-06-02；patent-law:law-02-04,对平面印刷品的图案、色彩或者二者的结合作出的主要起标识作用的设计,,
外观设计相同,外观设计相同,实质相同；明显区别,seed,5,3,examination-guideline:01-03-08；examination-guideline:04-05-05；examination-guideline:04-05-06；patent-law:law-02-02；plant-variety-regulations-2025:pvpr-02-01,授予专利权的外观设计与现有设计或者现有设计特征的组合相比，应当具有明显区别,,
一般消费者,一般消费者,,seed,3,2,examination-guideline:04-05-02；examination-guideline:04-05-04；infringement-guide:infr-04,现有设计中一般消费者所熟知的,,
现有设计,现有设计,,seed,5,3,examination-guideline:01-03-08；examination-guideline:04-05-02；examination-guideline:04-07；infringement-guide:infr-06-05；patent-law:law-02-02,应当不属于现有设计,,
惯常设计,惯常设计,,seed,5,2,examination-guideline:04-05-02；examination-guideline:04-05-05；examination-guideline:04-05-06；infringement-guide:infr-04；infringement-guide:infr-06-05,只要提到产品名称就能想到的相应设计，称为惯常设计,,
外观设计转用,外观设计转用,组合；拼合；替换；转用,seed,2,1,examination-guideline:04-05-04；examination-guideline:04-05-06；examination-guideline:04-05-06-02,组合包括拼合和替换，是指将两项或者两项以上设计或者设计特征拼合成一项外观设计,,
在先合法权利冲突,在先合法权利冲突,相冲突,seed,1,1,examination-guideline:04-05-07,相冲突，是指未经权利人许可，外观设计专利使用了在先合法权利的客体,,
国际专利分类ipc,国际专利分类 IPC,国际专利分类；IPC；国际专利分类表,seed,2,1,examination-guideline:01-04；examination-guideline:01-04-01；examination-guideline:02-07-05,专利局采用国际专利分类对发明专利申请和实用新型专利申请进行分类,,
多重分类,多重分类,多方面分类,seed,1,1,examination-guideline:01-04-04-03,当专利申请涉及不同类型的技术主题，并且这些技术主题构成发明信息时,,
复审请求,复审请求,复审中的修改限制,seed,5,3,examination-guideline:01-01-03；examination-guideline:01-02-03；examination-guideline:01-03-03；examination-guideline:04-02；examination-guideline:04-02-02,对驳回决定不服的，可以在规定的期限内提出复审请求,,
复审三个月期限,复审三个月期限,,seed,0,1,examination-guideline:04-02-02-03,,,
前置审查,前置审查,,seed,5,1,examination-guideline:01-01-03；examination-guideline:01-02-03；examination-guideline:02-08-08；examination-guideline:04-02-03；examination-guideline:06-02-03,对复审请求的前置审查及复审后的处理,,
复审合议审查,复审合议审查,,seed,0,1,examination-guideline:04-02-04,,,
复审依职权审查,复审依职权审查,,seed,0,1,examination-guideline:04-02-04-01,,,
复审修改限制,复审修改限制,,seed,0,1,examination-guideline:04-02-04-02,,,
复审决定类型,复审决定类型,,seed,0,1,examination-guideline:04-02-05,,,
复审决定的约束力,复审决定的约束力,,seed,0,1,examination-guideline:04-02-07,,,
无效宣告请求,无效宣告请求,,seed,7,3,examination-guideline:04-01-01；examination-guideline:04-03；examination-guideline:04-03-02；examination-guideline:04-04-11；implementation-rules:rule-04-07,对专利权无效宣告请求进行受理和审查,,
无效法定理由,无效法定理由,无效宣告理由；无效宣告请求的理由,seed,4,2,examination-guideline:04-03-02；examination-guideline:04-03-03；examination-guideline:04-03-03-03；examination-guideline:04-07；implementation-rules:rule-04-05,无效宣告请求的理由（简称无效宣告理由）,,
一事不再理,一事不再理,一事不再理原则,seed,1,1,examination-guideline:04-03-02；examination-guideline:04-03-02-01,以相同或者实质相同的理由和证据再次提出无效宣告请求的，不予受理和审理,,
无效宣告理由增加,无效宣告理由增加,一个月,seed,0,1,examination-guideline:04-03-04-02,,,
无效宣告证据补充,无效宣告证据补充,,seed,0,1,examination-guideline:04-03-04-03,,,
无效宣告修改原则,无效宣告修改原则,,seed,0,1,examination-guideline:04-03-04-06,,,
无效宣告修改方式,无效宣告修改方式,删除；技术方案删除；进一步限定；明显错误修正,seed,0,1,examination-guideline:04-03-04-06,,,
无效宣告修改时机限制,无效宣告修改时机限制,,seed,0,1,examination-guideline:04-03-04-06,,,
当事人处置原则,当事人处置原则,,seed,1,1,examination-guideline:04-03-02；examination-guideline:04-03-02-02,请求人可以放弃全部或者部分无效宣告请求的范围、理由及证据,,
无效宣告决定类型,无效宣告决定类型,,seed,0,1,examination-guideline:04-03-05,,,
部分无效,部分无效,宣告专利权部分无效,seed,3,3,examination-guideline:04-03-05；trademark-exam-guide-2021:tmeg-04-01-07-03；implementation-rules:rule-04-09,被宣布无效或部分无效,,
药品专利纠纷早期解决机制,药品专利纠纷早期解决机制,,seed,1,1,examination-guideline:04-03-09,涉及药品专利纠纷早期解决机制的无效宣告请求案件,,
口头审理,口头审理,,seed,7,2,examination-guideline:04-01-02；examination-guideline:04-01-03；examination-guideline:04-02-04；examination-guideline:04-04；examination-guideline:04-04-01,其他各种案件的口头审理应当公开举行,,
口审申请理由,口审申请理由,,seed,0,1,examination-guideline:04-04-02,,,
口审通知答复期,口审通知答复期,,seed,0,1,examination-guideline:04-04-03,,,
口审四阶段,口审四阶段,,seed,0,1,examination-guideline:04-04-05,,,
证人出庭作证,证人出庭作证,,seed,2,1,examination-guideline:04-04-03；examination-guideline:04-04-10,要求委派出具过证言的证人就其证言出庭作证的,,
实用新型无效审查,实用新型无效审查,,seed,0,1,examination-guideline:04-06,,,
实用新型创造性,实用新型创造性,实用新型的创造性,seed,1,1,examination-guideline:04-06；examination-guideline:04-06-04,实用新型的创造性，是指与现有技术相比，该实用新型具有实质性特点和进步,,
同样发明创造无效宣告,同样发明创造无效宣告,,seed,0,1,examination-guideline:04-07,,,
无效宣告证据规则,无效宣告证据规则,,seed,0,1,examination-guideline:04-08,,,
公知常识证据,公知常识证据,公知常识性证据,seed,2,1,examination-guideline:04-02-03；examination-guideline:04-03-04；examination-guideline:04-08-04-03,技术词典、技术手册、教科书等所属技术领域中的公知常识性证据,,
互联网证据,互联网证据,,seed,0,1,examination-guideline:04-08-05-01,,,
使用公开,使用公开,,seed,2,1,examination-guideline:02-03-02；examination-guideline:02-03-02-01；examination-guideline:04-08-05；examination-guideline:04-08-05-02,这种公开方式称为使用公开,,
申请文件形式,申请文件形式,,seed,0,1,examination-guideline:05-01,,,
专利费用,专利费用,,seed,0,1,examination-guideline:05-02,,,
申请日更正,申请日更正,申请日的更正,seed,1,1,examination-guideline:05-03-04,可以请求专利局更正申请日,,
专利申请文档,专利申请文档,,seed,2,1,examination-guideline:05-04；examination-guideline:05-04-01；examination-guideline:05-04-04,作为原始记录保存起来以备查考的各种文件的集合,,
案卷保存期限,案卷保存期限,保存期限,seed,1,1,examination-guideline:05-04-06；examination-guideline:05-04-06-01,未授权结案的案卷保存期限为二年；授权后结案的案卷保存期限为三年,,
保密申请,保密申请,保密专利申请,seed,4,2,examination-guideline:05-05；examination-guideline:05-05-01；examination-guideline:05-05-03；implementation-rules:rule-01-07；implementation-rules:rule-03-20,应当及时作出按照保密专利申请处理的决定,,
向外国申请专利的保密审查,向外国申请专利的保密审查,,seed,0,1,examination-guideline:05-05-06,,,
通知和决定,通知和决定,,seed,0,1,examination-guideline:05-06,,,
送达方式,送达方式,,seed,0,1,examination-guideline:05-06-02-01,,,
送达日推定,送达日推定,,seed,0,1,examination-guideline:05-06-02-03,,,
期限种类,期限种类,,seed,0,1,examination-guideline:05-07-01,,,
期限延长,期限延长,,seed,1,2,examination-guideline:05-07-04；plant-variety-regulations-2025:pvpr-06-06,权利恢复与期限延长,,
权利的恢复,权利的恢复,,seed,0,1,examination-guideline:05-07-06,,,
中止程序,中止程序,中止；中止有关程序,seed,4,2,examination-guideline:05-07-07；examination-guideline:05-09-02；implementation-rules:rule-08-09；implementation-rules:rule-08-11,依照专利法实施细则第一百零三条规定的中止程序,,
优先审查,优先审查,国家局,seed,1,1,examination-guideline:05-07-08；examination-guideline:05-07-08-02,可以优先审查，并在随后的审查过程中予以优先处理,,
快速审查,快速审查,保护中心预审,seed,1,1,examination-guideline:05-07-08；examination-guideline:05-07-08-03,符合快速审查相关规定的，可以快速审查,,
延迟审查,延迟审查,,seed,4,2,examination-guideline:05-07-08；examination-guideline:05-07-08-04；examination-guideline:05-09-02；implementation-rules:rule-03-15；implementation-rules:rule-05-03,申请人可以对专利申请提出延迟审查请求,,
专利公报,专利公报,,seed,7,3,examination-guideline:05-08；examination-guideline:05-08-01-01；examination-guideline:05-11-05；implementation-rules:rule-02-25；implementation-rules:rule-09-02,专利局编辑出版的专利公报有发明专利公报、实用新型专利公报和外观设计专利公报。,,
专利单行本,专利单行本,,seed,1,2,examination-guideline:05-08-02；implementation-rules:rule-03-23,专利单行本中出现的错误,,
专利权授予,专利权授予,,seed,0,1,examination-guideline:05-09-01,,,
专利证书,专利证书,,seed,3,2,examination-guideline:05-09-01；examination-guideline:05-09-01-02；implementation-rules:rule-03-19；implementation-rules:rule-08-07,专利证书应当记载与专利权有关的重要著录事项,,
专利登记簿,专利登记簿,,seed,6,3,examination-guideline:05-04-05；examination-guideline:05-09-01；examination-guideline:05-09-01-03；examination-guideline:05-11-05；implementation-rules:rule-09-01,专利登记簿，专利权评价报告,,
专利权期限补偿,专利权期限补偿,PTA；专利权期限的补偿,seed,8,3,examination-guideline:05-08-01-02；examination-guideline:05-08-01-03；examination-guideline:05-09-02；implementation-rules:rule-05-01；implementation-rules:rule-05-02,就发明专利在授权过程中的不合理延迟给予专利权期限补偿,,
新药专利期限补偿,新药专利期限补偿,PTE；新药相关发明专利权期限补偿；期限补偿；药品专利权期限补偿,seed,6,3,examination-guideline:05-08-01-03；examination-guideline:05-09-03；implementation-rules:rule-05-05；implementation-rules:rule-05-06；implementation-rules:rule-05-08,请求给予新药相关发明专利权期限补偿的，应当符合下列要求,,
专利权终止,专利权终止,期限届满前终止,seed,5,3,examination-guideline:05-02-04；examination-guideline:05-07-05；examination-guideline:05-09-04；implementation-rules:rule-10-06；implementation-rules:rule-13-01,当事人可以对在专利权终止或者宣告专利权全部无效的决定公告后,,
专利权评价报告,专利权评价报告,,seed,9,3,examination-guideline:05-04-03；examination-guideline:05-10；examination-guideline:05-10-01；examination-guideline:05-10-05；examination-guideline:05-11-03,专利权评价报告,,
专利开放许可,专利开放许可,,seed,0,1,examination-guideline:05-11,,,
进入国家阶段国际申请,进入国家阶段国际申请,,seed,0,1,examination-guideline:03,,,
pct第19/34条修改,PCT 第 19/34 条修改,专利合作条约第19条的修改；专利合作条约第34条的修改,seed,1,1,examination-guideline:03-01-04,按照专利合作条约第19条作出修改的权利要求书,,
改正译文错误,改正译文错误,,seed,0,1,examination-guideline:03-01-05-08；examination-guideline:03-02-05-07,,,
国际单位错误改正,国际单位错误改正,国际单位错误,seed,1,1,examination-guideline:03-01-05-12,要求改正国际单位错误,,
海牙协定外观设计国际申请,海牙协定外观设计国际申请,外观设计国际注册申请；外观设计国际申请,seed,11,2,examination-guideline:04-03-07；examination-guideline:06；examination-guideline:06-01-01；examination-guideline:06-01-04；examination-guideline:06-02-01,通过专利局提交外观设计国际注册申请、缴纳费用,,
外观设计国际申请审查,外观设计国际申请审查,,seed,0,1,examination-guideline:06-02,,,
给予保护决定,给予保护决定,驳回通知；给予保护的决定,seed,3,2,examination-guideline:06-02-01；examination-guideline:06-02-03；implementation-rules:rule-12-08,驳回通知应当包含驳回所依据的全部理由以及相应的法律条款,,
立法目的,立法目的,宗旨,seed,0,1,patent-law:law-01-01,,,
发明创造定义,发明创造定义,实用新型；外观设计,seed,4,3,patent-law:law-01-02；examination-guideline:01-02-06；examination-guideline:01-03-07；implementation-rules:rule-03-02,是指对产品的形状、构造或者其结合所提出的适于实用的新的技术方案,,
职务发明,职务发明,职务发明创造,seed,5,3,patent-law:law-01-06；patent-law:law-01-15；examination-guideline:01-01-04-01；implementation-rules:rule-01-13；implementation-rules:rule-08-08,职务发明，申请专利的权利属于单位,,
共有专利,共有专利,共有专利权,seed,3,2,patent-law:law-01-14；examination-guideline:04-03-03；examination-guideline:05-11-03；examination-guideline:05-11-04,共有专利权的所有专利权人,,
保密审查,保密审查,,seed,9,3,patent-law:law-01-19；patent-law:law-07-15；examination-guideline:01-01-07；examination-guideline:01-02-14；examination-guideline:02-08-04-07,应当事先报经专利局进行保密审查,,
诚实信用原则,诚实信用原则,弄虚作假,seed,16,5,patent-law:law-01-20；implementation-rules:rule-01-11；implementation-rules:rule-08-06；trademark-exam-guide-2021:tmeg-06-01；trademark-exam-guide-2021:tmeg-06-01-01-01,对于违反诚实信用原则的相关手续，例如提供虚假证明材料的,,
外观设计授权条件,外观设计授权条件,,seed,0,1,patent-law:law-02-02,,,
申请文件,申请文件,专利申请文件,seed,2,3,patent-law:law-03-01；patent-law:law-03-02；examination-guideline:05-01-01；implementation-rules:rule-04-02,简要说明等文件，称为专利申请文件,,
申请日,申请日,,seed,13,5,patent-law:law-02-01；patent-law:law-02-02；patent-law:law-03-03；examination-guideline:02-08-04-01；examination-guideline:05-03-01,未包含的，应当重新确定申请日，以后补交文件的日期为申请日,,
早期公开,早期公开,,seed,1,1,patent-law:law-04-01,自申请日起满十八个月，即行公布,,
实质审查,实质审查,,seed,16,5,patent-law:law-04-02；patent-law:law-04-03；patent-law:law-04-04；patent-law:law-04-05；patent-law:law-04-06,本章所说的实质审查，是指中国发明专利申请的实质审查,,
复审,复审,复审程序,seed,13,6,patent-law:law-04-08；ic-layout-regulations-2026:icld-03-11；implementation-rules:rule-03-01；implementation-rules:rule-04-01；implementation-rules:rule-04-04,请求复审,,
专利权期限,专利权期限,专利权的期限,seed,2,2,patent-law:law-05-01；examination-guideline:05-07-06,专利权期限,,
无效宣告,无效宣告,宣告专利权无效,seed,14,3,patent-law:law-05-04；patent-law:law-05-05；patent-law:law-05-06；examination-guideline:04-03-05；examination-guideline:05-04-04,专利申请文档是对专利审批、复审、无效宣告等法律程序,,
开放许可,开放许可,,seed,8,3,patent-law:law-06-03；patent-law:law-06-04；patent-law:law-06-05；examination-guideline:05-08-01-02；examination-guideline:05-11-01,专利实施的开放许可,,
强制许可,强制许可,,seed,14,3,patent-law:law-06-06；patent-law:law-06-07；patent-law:law-06-08；patent-law:law-06-09；patent-law:law-06-10,专利实施的强制许可,,
保护范围解释,保护范围解释,,seed,0,1,patent-law:law-07-01,,,
方法专利举证倒置,方法专利举证倒置,,seed,0,1,patent-law:law-07-03,,,
假冒专利,假冒专利,假冒专利行为,seed,3,2,patent-law:law-07-05；patent-law:law-07-06；implementation-rules:rule-08-07,下列行为属于专利法第六十八条规定的假冒专利的行为,,
惩罚性赔偿,惩罚性赔偿,,seed,1,1,patent-law:law-07-08,对故意侵犯专利权，情节严重的，可以在按照上述方法确定数额的一倍以上五倍以下,,
行为保全,行为保全,财产保全,seed,6,5,patent-law:law-07-09；copyright-law-2020:cpl-05-08；customs-ip-protection-2018:cusr-03-12；examination-guideline:02-08-07；examination-guideline:05-07-07,申请采取财产保全,,
证据保全,证据保全,,seed,4,3,patent-law:law-07-10；copyright-law-2020:cpl-05-09；ip-evidence-rules-2020:ipev-11；ip-evidence-rules-2020:ipev-12；ip-evidence-rules-2020:ipev-17,申请保全证据,,
诉讼时效,诉讼时效,,seed,1,1,patent-law:law-07-11,侵犯专利权的诉讼时效为三年,,
专利权用尽,专利权用尽,,seed,0,1,patent-law:law-07-12,,,
先用权,先用权,先用权抗辩,seed,2,2,patent-law:law-07-12；infringement-guide:infr-06-04,在专利申请日前已经制造相同产品、使用相同方法或者已经作好制造、使用的必要准备,,
bolar例外,Bolar 例外,,seed,1,2,patent-law:law-07-12；infringement-guide:infr-06-04,为提供行政审批所需要的信息，制造、使用、进口专利药品或者专利医疗器械的,,
药品专利链接,药品专利链接,药品专利链接制度,seed,1,1,patent-law:law-07-13,药品上市审评审批过程中，药品上市许可申请人与有关专利权人或者利害关系人,,
合法来源抗辩,合法来源抗辩,合法来源,seed,5,5,patent-law:law-07-14；infringement-guide:infr-06-06；ip-evidence-rules-2020:ipev-04；copyright-law-2020:cpl-05-11；plant-variety-regulations-2025:pvpr-07-05,被告依法主张合法来源抗辩的,,
电子形式,电子形式,数据电文,seed,4,3,implementation-rules:rule-01-02；implementation-rules:rule-01-04；examination-guideline:05-01-02；trademark-exam-guide-2021:tmeg-01-04-03-04-01；trademark-exam-guide-2021:tmeg-05-01-05-02,申请人以电子形式提出专利申请并被受理的,,
中文与外文译文,中文与外文译文,,seed,0,1,implementation-rules:rule-01-03,,,
递交日,递交日,送达日；邮寄；电子；直接；公告,seed,9,3,implementation-rules:rule-01-04；implementation-rules:rule-03-04；examination-guideline:05-03-01；examination-guideline:05-03-03；examination-guideline:05-06-02,确定申请日和递交日的效力,,
期限计算,期限计算,开始日；届满日；休假日顺延,seed,0,1,implementation-rules:rule-01-05,,,
权利恢复,权利恢复,延长期限；不可抗拒；正当理由；恢复权利；恢复权利的请求,seed,15,6,implementation-rules:rule-01-06；implementation-rules:rule-02-20；implementation-rules:rule-11-11；examination-guideline:01-01-03；examination-guideline:01-02-03,因正当理由难以在指定的期限内作出答复的，可以提出延长期限请求,,
国防专利,国防专利,保密专利；保密专利申请处理；国防专利权,seed,4,2,implementation-rules:rule-01-07；implementation-rules:rule-03-20；implementation-rules:rule-09-01；examination-guideline:05-05-04；examination-guideline:05-05-05,同时在专利公报上公告国防专利的专利号、申请日和授权公告日,,
向外国申请前的保密审查,向外国申请前的保密审查,,seed,0,1,implementation-rules:rule-01-08；implementation-rules:rule-01-09,,,
申请日与优先权日的区别,申请日与优先权日的区别,,seed,0,1,implementation-rules:rule-01-12,,,
职务发明创造的范围,职务发明创造的范围,本单位；物质技术条件,seed,5,5,implementation-rules:rule-01-13；copyright-law-2020:cpl-02-02-08；copyright-law-rules-2013:cplr-11；patent-law:law-01-06；plant-variety-regulations-2025:pvpr-02-03,利用法人或者非法人组织的物质技术条件创作,,
发明人,发明人,设计人的认定,seed,4,4,implementation-rules:rule-01-14；chemistry-drafting-rules:chem-01-05-05；examination-guideline:01-01-04-01；patent-law:law-01-06,发明人是指对发明创造的实质性特点作出创造性贡献的人,,
专利权转移,专利权转移,许可合同备案；出质登记,seed,4,4,implementation-rules:rule-01-15；copyright-law-2020:cpl-03-03；examination-guideline:05-10-01；ic-layout-regulations-2026:icld-04-02,出质登记,,
委托代理与可自行办理事务,委托代理与可自行办理事务,,seed,0,1,implementation-rules:rule-02-01；implementation-rules:rule-02-02,,,
请求书记载事项,请求书记载事项,,seed,0,1,implementation-rules:rule-02-03,,,
说明书撰写要求,说明书撰写要求,五部分顺序,seed,0,1,implementation-rules:rule-02-04,,,
附图与附图标记规则,附图与附图标记规则,,seed,0,1,implementation-rules:rule-02-05,,,
权利要求书基本要求,权利要求书基本要求,,seed,0,1,implementation-rules:rule-02-06,,,
独权,独权,从权的功能,seed,0,1,implementation-rules:rule-02-07,,,
独权两段式,独权两段式,前序+特征,seed,0,1,implementation-rules:rule-02-08,,,
从权两段式,从权两段式,多项从权；引用+限定,seed,0,1,implementation-rules:rule-02-09,,,
说明书摘要,说明书摘要,摘要,seed,13,6,implementation-rules:rule-02-10；implementation-rules:rule-09-02；chemistry-drafting-rules:chem-01-01-02；chemistry-drafting-rules:chem-01-02；chemistry-drafting-rules:chem-02-01,说明书摘要不能超过300 字（标点符号包含在内）,,
外观设计简要说明,外观设计简要说明,,seed,1,2,implementation-rules:rule-02-15；patent-law:law-03-02,该外观设计的简要说明,,
国际展览会,国际展览会,学术；技术会议声明与证明；中国政府承认的国际展览会,seed,3,3,implementation-rules:rule-02-17；examination-guideline:01-01-06-03；patent-law:law-02-03,国际展览会公约规定的由国际展览局注册或者认可的国际展览会,,
优先权文件副本,优先权文件副本,优先权转让证明；优先权证明；在先申请文件副本,seed,6,2,implementation-rules:rule-02-18；implementation-rules:rule-11-10；examination-guideline:01-01-04-07；examination-guideline:03-01-05-02；examination-guideline:05-01-06,申请人未在规定期限内提交在先申请文件副本或者优先权转让证明,,
多项优先权,多项优先权,本国优先权；在先申请视为撤回,seed,11,3,implementation-rules:rule-02-18；implementation-rules:rule-02-19；examination-guideline:01-01-06-02；examination-guideline:01-03-05；examination-guideline:02-03-04,这种优先权称为本国优先权,,
优先权要求的增加或改正,优先权要求的增加或改正,增加或者改正优先权要求,seed,2,2,implementation-rules:rule-02-21；examination-guideline:01-01-06-02,请求增加或者改正优先权要求,,
撤回申请的声明,撤回申请的声明,,seed,0,1,implementation-rules:rule-02-25,,,
审查人员回避,审查人员回避,回避,seed,4,2,implementation-rules:rule-03-01；examination-guideline:04-01-05；examination-guideline:04-04-05；examination-guideline:04-04-06,合议组成员有专利法实施细则第四十二条规定情形之一的，应当自行回避,,
申请日与申请号的确定,申请日与申请号的确定,,seed,0,1,implementation-rules:rule-03-02,,,
不予受理的情形,不予受理的情形,不受理的情形,seed,1,2,implementation-rules:rule-03-03；examination-guideline:05-03-02,专利申请有下列情形之一的，专利局不予受理,,
援引在先申请补交,援引在先申请补交,递交日保留,seed,0,1,implementation-rules:rule-03-04,,,
附图缺失的补交,附图缺失的补交,,seed,0,1,implementation-rules:rule-03-05,,,
同日同样发明双申请处理,同日同样发明双申请处理,,seed,0,1,implementation-rules:rule-03-06,,,
分案申请的提出与时限,分案申请的提出与时限,,seed,0,1,implementation-rules:rule-03-07；implementation-rules:rule-03-08,,,
初步审查的范围,初步审查的范围,,seed,0,1,implementation-rules:rule-03-09,,,
早日公布请求,早日公布请求,,seed,0,1,implementation-rules:rule-03-11,,,
第三人意见,第三人意见,公众意见,seed,2,2,implementation-rules:rule-03-13；examination-guideline:02-08-04-09,专利局对公众意见的处理情况，不必通知提出意见的公众,,
主动实质审查,主动实质审查,,seed,0,1,implementation-rules:rule-03-15,,,
主动修改时限,主动修改时限,针对性修改,seed,0,1,implementation-rules:rule-03-16,,,
修改替换页,修改替换页,替换页,seed,4,2,implementation-rules:rule-03-17；examination-guideline:02-08-05-01；examination-guideline:02-08-05-02；examination-guideline:03-01-05-07,经修改的申请文件（替换页和/或补正书）,,
实质审查驳回的法定情形,实质审查驳回的法定情形,,seed,0,1,implementation-rules:rule-03-18,,,
授权登记,授权登记,2 个月办理；登记手续,seed,2,1,implementation-rules:rule-03-19；implementation-rules:rule-10-05,办理登记手续,,
复审审理与决定,复审审理与决定,,seed,0,1,implementation-rules:rule-04-03,,,
无效宣告请求与法定理由,无效宣告请求与法定理由,,seed,0,1,implementation-rules:rule-04-05,,,
无效不予受理,无效不予受理,含一事不再理,seed,0,1,implementation-rules:rule-04-06,,,
无效证据补充时限,无效证据补充时限,,seed,0,1,implementation-rules:rule-04-07,,,
无效程序修改限制,无效程序修改限制,不得扩大保护范围,seed,0,1,implementation-rules:rule-04-09,,,
无效口头审理,无效口头审理,,seed,0,1,implementation-rules:rule-04-10,,,
无效程序期限不得延长,无效程序期限不得延长,,seed,0,1,implementation-rules:rule-04-11,,,
pta请求时限,PTA 请求时限,补偿天数计算,seed,0,1,implementation-rules:rule-05-01；implementation-rules:rule-05-02,,,
合理延迟,合理延迟,不合理延迟,seed,2,2,implementation-rules:rule-05-02；implementation-rules:rule-05-03；examination-guideline:05-09-02,补偿期限按照发明专利在授权过程中不合理延迟的实际天数计算,,
新药相关发明专利,新药相关发明专利,PTE 请求与天数,seed,1,1,implementation-rules:rule-05-04；implementation-rules:rule-05-05；implementation-rules:rule-05-06,新药相关发明专利是指符合规定的新药产品专利、制备方法专利、医药用途专利,,
pte期间保护范围限定,PTE 期间保护范围限定,药品专利权期限补偿期间,seed,1,2,implementation-rules:rule-05-07；examination-guideline:05-09-03,药品专利权期限补偿期间内，该专利的保护范围限于国务院药品监督管理部门批准上市,,
开放许可声明的内容与禁止情形,开放许可声明的内容与禁止情形,,seed,0,1,implementation-rules:rule-06-01；implementation-rules:rule-06-02,,,
强制许可请求与决定程序,强制许可请求与决定程序,,seed,0,1,implementation-rules:rule-06-06,,,
强制许可使用费裁决,强制许可使用费裁决,,seed,0,1,implementation-rules:rule-06-07,,,
职务发明奖金法定最低标准,职务发明奖金法定最低标准,,seed,0,1,implementation-rules:rule-07-02,,,
全国有重大影响的侵权纠纷,全国有重大影响的侵权纠纷,在全国有重大影响的专利侵权纠纷,seed,1,1,implementation-rules:rule-08-02,在全国有重大影响的专利侵权纠纷,,
行政处理地域管辖,行政处理地域管辖,,seed,0,1,implementation-rules:rule-08-03,,,
行政处理中的中止,行政处理中的中止,中止处理,seed,1,1,implementation-rules:rule-08-04,可以请求管理专利工作的部门中止处理,,
假冒专利行为的具体类型,假冒专利行为的具体类型,,seed,0,1,implementation-rules:rule-08-07,,,
权属纠纷,权属纠纷,保全引起的程序中止,seed,3,2,implementation-rules:rule-08-09；implementation-rules:rule-08-10；implementation-rules:rule-08-11；examination-guideline:04-03-03；examination-guideline:05-07-07,专利权权属纠纷的当事人可以请求参加无效宣告程序,,
专利公报公告事项,专利公报公告事项,,seed,0,1,implementation-rules:rule-09-02,,,
费用种类,费用种类,缴费日,seed,6,3,implementation-rules:rule-10-01；implementation-rules:rule-10-02；examination-guideline:05-02-02；examination-guideline:05-02-06；examination-guideline:05-02-07,以邮局取款通知单上的汇出日为缴费日,,
申请费缴费时限,申请费缴费时限,,seed,0,1,implementation-rules:rule-10-03,,,
年费,年费,滞纳金；年费终止；专利年费,seed,10,4,implementation-rules:rule-10-01；implementation-rules:rule-10-05；implementation-rules:rule-10-06；examination-guideline:03-01-07；examination-guideline:05-02-01,国际申请的申请人缴纳复审费和年费确有困难的,,
费用减缴,费用减缴,减缴；收费减缴,seed,2,2,implementation-rules:rule-10-08；examination-guideline:05-02-03,有困难的，可以按照规定向国务院专利行政部门提出减缴的请求,,
pct进入中国国家阶段,PCT 进入中国国家阶段,宽限费；进入中国国家阶段,seed,4,2,implementation-rules:rule-11-01；implementation-rules:rule-11-03；implementation-rules:rule-11-04；examination-guideline:03-01-07,申请费、公布印刷费及宽限费,,
pct在华效力终止情形,PCT 在华效力终止情形,国际申请在中国的效力终止,seed,2,2,implementation-rules:rule-11-05；examination-guideline:03-01-02,该国际申请在中国的效力终止，审查员应当发出国际申请不能进入中国国家阶段通知书,,
pct国际阶段修改的中文译文,PCT 国际阶段修改的中文译文,,seed,0,1,implementation-rules:rule-11-06,,,
pct译文错误改正,PCT 译文错误改正,,seed,0,1,implementation-rules:rule-11-14,,,
pct临时保护,PCT 临时保护,外文国际公布的差异,seed,0,1,implementation-rules:rule-11-15,,,
pct分案,PCT 分案,单一性恢复,seed,0,1,implementation-rules:rule-11-16,,,
译文错误对保护范围的影响,译文错误对保护范围的影响,取小不取大,seed,0,1,implementation-rules:rule-11-18,,,
案卷查阅与保存期限,案卷查阅与保存期限,,seed,0,1,implementation-rules:rule-13-01,,,
著录事项变更,著录事项变更,,seed,0,1,implementation-rules:rule-13-02,,,
邮寄规范,邮寄规范,挂号信函,seed,0,1,implementation-rules:rule-13-03,,,
审查指南的制定依据,审查指南的制定依据,,seed,0,1,implementation-rules:rule-13-04,,,
全面覆盖原则,全面覆盖原则,,seed,1,1,infringement-guide:infr-02-01,全面覆盖原则是判断一项技术方案是否侵犯发明或者实用新型专利权的基本原则,,
下位概念,下位概念,具体概念,seed,4,3,infringement-guide:infr-02-02；chemistry-drafting-rules:chem-01-04-04；chemistry-drafting-rules:chem-02-02；examination-guideline:02-03-03,如从上位概念— —中位概念—— 具体下位概念,,
封闭式权利要求,封闭式权利要求,封闭式的权利要求,seed,5,4,infringement-guide:infr-01-03；infringement-guide:infr-02-02；chemistry-drafting-rules:chem-01-03-02；examination-guideline:02-02-03-03；mechanical-drafting-rules:mech-01-02-01,封闭式的权利要求提倡采用“由……组成”的表达方式,,
捐献规则,捐献规则,,seed,0,1,infringement-guide:infr-02-03,,,
"等同侵权""三基本+一非劳""","等同侵权""三基本+一非劳""",,seed,0,1,infringement-guide:infr-02-03,,,
禁止反悔,禁止反悔,,seed,1,1,infringement-guide:infr-02-03,禁止反悔，是指在专利授权或者无效程序中，专利申请人或专利权人通过对权利要求,,
主题名称,主题名称,,seed,1,1,infringement-guide:infr-01-03,主题名称是对权利要求包含的全部技术特征所构成的技术方案的抽象概括,,
使用环境特征,使用环境特征,,seed,1,1,infringement-guide:infr-01-03,使用环境特征不同于主题名称，是指权利要求中用来描述发明或实用新型所使用的背景,,
折衷原则,折衷原则,公平原则；专利权有效原则,seed,2,2,infringement-guide:infr-01-01；patent-law:law-05-06,专利权有效原则。在权利人据以主张的专利权未被宣告无效之前,,
整体比对原则,整体比对原则,整体观察、综合判断,seed,2,2,infringement-guide:infr-03；infringement-guide:infr-04；examination-guideline:04-05-05,所谓整体观察、综合判断是指以一般消费者为判断主体,,
设计空间,设计空间,设计要点,seed,7,3,infringement-guide:infr-03；infringement-guide:infr-04；infringement-guide:infr-06-05；examination-guideline:01-03-04-03；examination-guideline:06-02-05,设计要点是指与现有设计相区别的产品的形状、图案及其结合,,
现有技术抗辩,现有技术抗辩,,seed,2,2,infringement-guide:infr-06-05；patent-law:law-07-04,有证据证明其实施的技术或者设计属于现有技术或者现有设计的，不构成侵犯专利权,,
现有设计抗辩,现有设计抗辩,,seed,1,1,infringement-guide:infr-06-05,,,
恶意取得专利权,恶意取得专利权,,seed,1,1,infringement-guide:infr-06-02,,,
共同侵权,共同侵权,共谋；教唆；专用品,seed,1,1,infringement-guide:infr-05-02,构成共同侵权,,
标准必要专利sep,标准必要专利 SEP,FRAND；标准必要专利,seed,1,1,infringement-guide:infr-06-07,,,
临时保护期,临时保护期,,seed,2,2,infringement-guide:infr-05-01；plant-variety-regulations-2025:pvpr-05-07,在发明专利公开日至授权公告日之间，即发明专利权的临时保护期内，实施该发明的单位,,
用尽原则,用尽原则,权利用尽,seed,1,2,infringement-guide:infr-06-04；ic-layout-regulations-2026:icld-04-05,投放市场后的权利用尽,,
方法专利延及产品,方法专利延及产品,,seed,1,1,infringement-guide:infr-05-01,方法专利延及产品，指一项方法发明专利权被授予后，任何单位或个人未经专利权人许可,,
新产品举证倒置,新产品举证倒置,,seed,0,1,infringement-guide:infr-05-01,,,
摘要300字,摘要 300 字,摘要附图,seed,8,4,mechanical-drafting-rules:mech-01-01-01；chemistry-drafting-rules:chem-01-01-02；chemistry-drafting-rules:chem-01-02；chemistry-drafting-rules:chem-01-02-01；chemistry-drafting-rules:chem-01-02-02,摘要附图为具有最能体现主要技术方案的说明书附图之一,,
择一引用,择一引用,在先独权不引在后独权；择一引用方式,seed,3,3,mechanical-drafting-rules:mech-01-01-02；chemistry-drafting-rules:chem-01-01-02；examination-guideline:02-02-03-03,权利要求应当采用择一引用方式表达,,
方位名词改相对关系,方位名词改相对关系,,seed,0,1,mechanical-drafting-rules:mech-01-02-01,,,
"""分别""用法","""分别""用法","""或/和""",seed,0,1,mechanical-drafting-rules:mech-01-02-01,,,
子母特征不引连接关系,子母特征不引连接关系,上下位混用禁忌,seed,0,1,mechanical-drafting-rules:mech-01-02-01,,,
开放式,开放式,包括；包含；由……组成,seed,1,2,mechanical-drafting-rules:mech-01-02-01；examination-guideline:02-10-04,开放式表示组合物中并不排除权利要求中未指出的组分,,
工艺步骤执行主体,工艺步骤执行主体,,seed,0,1,mechanical-drafting-rules:mech-01-02-01,,,
化合物表征,化合物表征,化学名称；化学式；特性参数；制备方法,seed,3,2,chemistry-drafting-rules:chem-01-03-01；chemistry-drafting-rules:chem-01-05-01；examination-guideline:02-10-01,特性参数应是本技术领域常用的、清楚的，包括用来确定化学结构的各类参数,,
检测方法,检测方法,标准；非标准,seed,0,1,chemistry-drafting-rules:chem-01-04-06,,,
中药,中药,禁用药物；临床资质；生僻药,seed,0,1,chemistry-drafting-rules:chem-01-05-05,,,
社会公德,社会公德,克隆人；人胚胎；人造性器官,seed,5,3,chemistry-drafting-rules:chem-01-05-08；examination-guideline:01-03-06；examination-guideline:02-01-03；examination-guideline:02-09-06-02；patent-law:law-01-05,发明创造与社会公德相违背的,,
生物保藏,生物保藏,CCTCC；CGMCC；GDMCC；保藏证明与存活证明,seed,0,1,chemistry-drafting-rules:chem-01-05-09,,,
核苷酸,核苷酸,氨基酸序列表,seed,0,1,chemistry-drafting-rules:chem-01-05-09,,,
背景技术,背景技术,禁现有技术文献引证；禁企业,seed,7,4,chemistry-drafting-rules:chem-01-04-03；chemistry-drafting-rules:chem-02-03-02；examination-guideline:01-02-07；examination-guideline:02-02-02-02；examination-guideline:02-08-04-02,背景技术的主要作用是让人了解本申请技术方案之前的技术情况及技术问题,,
同符号在不同分子式中须区分,同符号在不同分子式中须区分,,seed,0,1,chemistry-drafting-rules:chem-01-03-01,,,
最接近现有技术,最接近现有技术,,seed,0,1,oa-response-guide:oa-02-03；oa-response-guide:oa-02-07,,,
区别技术特征,区别技术特征,,seed,4,1,oa-response-guide:oa-01-03；oa-response-guide:oa-02-03；oa-response-guide:oa-02-04；oa-response-guide:oa-02-07,确定本申请的技术方案与对比文件所公开内容的区别技术特征,,
显著进步,显著进步,突出的实质性特点；显著的进步,seed,7,3,oa-response-guide:oa-02-01；oa-response-guide:oa-02-02；oa-response-guide:oa-02-04；examination-guideline:02-02-02-02；examination-guideline:02-04-02,是指对所属技术领域的技术人员来说，发明相对于现有技术是非显而易见的,,
整体技术方案,整体技术方案,不可割裂,seed,0,1,oa-response-guide:oa-02-04；oa-response-guide:oa-02-07,,,
权利要求支持,权利要求支持,,seed,0,1,oa-response-guide:oa-04,,,
功能性限定,功能性限定,纯功能性限定,seed,4,3,oa-response-guide:oa-04-02；oa-response-guide:oa-04-04；examination-guideline:02-02-03-02；mechanical-drafting-rules:mech-01-02-01,对于权利要求中所包含的功能性限定的技术特征，应当理解为覆盖了所有能够实现所述功能,,
上位概念概括,上位概念概括,,seed,2,2,oa-response-guide:oa-04-02；examination-guideline:02-02-03-02；examination-guideline:02-02-03-03,对于用上位概念概括或用并列选择方式概括的权利要求,,
等同替代,等同替代,明显变型,seed,0,1,oa-response-guide:oa-04-02,,,
重复授权,重复授权,禁止重复授权原则；不能重复授予专利权的原则；避免重复授权,seed,11,3,oa-response-guide:oa-06；examination-guideline:01-02-15；examination-guideline:02-03-06；examination-guideline:02-07-01；examination-guideline:02-07-07,则可能造成重复授权,,
公开不充分,公开不充分,说明书公开不充分,seed,2,2,oa-response-guide:oa-07；oa-response-guide:oa-07-01；examination-guideline:02-02-02-04,当说明书因公开不充分而不符合专利法第二十六条第三款的规定时,,
一次性告知原则,一次性告知原则,,seed,1,1,trademark-exam-guide-2021:tmeg-01-01；trademark-exam-guide-2021:tmeg-01-01-02-02,尽可能在一次补正通知书中指出全部应补正的内容并说明理由,,
补正通知书,补正通知书,,seed,15,2,trademark-exam-guide-2021:tmeg-01-01；trademark-exam-guide-2021:tmeg-01-01-03-02；trademark-exam-guide-2021:tmeg-01-02；trademark-exam-guide-2021:tmeg-03-01；trademark-exam-guide-2021:tmeg-03-01-01-06-01,补正通知书中应当指明专利申请存在的缺陷，说明理由，同时指定答复期限,,
不予受理,不予受理,,seed,14,4,trademark-exam-guide-2021:tmeg-01-01；trademark-exam-guide-2021:tmeg-01-01-01；trademark-exam-guide-2021:tmeg-01-02；trademark-exam-guide-2021:tmeg-01-02-06-03-02；trademark-exam-guide-2021:tmeg-01-03,复审请求不是针对驳回决定的，不予受理,,
商标代理委托书,商标代理委托书,,seed,12,1,trademark-exam-guide-2021:tmeg-01-01；trademark-exam-guide-2021:tmeg-01-01-04-05-01；trademark-exam-guide-2021:tmeg-01-01-05-02；trademark-exam-guide-2021:tmeg-01-02；trademark-exam-guide-2021:tmeg-01-02-03-03,商标代理委托书中代理机构名称应当一致,,
商标图样,商标图样,,seed,10,1,trademark-exam-guide-2021:tmeg-01-02；trademark-exam-guide-2021:tmeg-01-02-03-01-04-01；trademark-exam-guide-2021:tmeg-01-02-04-02-02；trademark-exam-guide-2021:tmeg-01-02-04-03-02；trademark-exam-guide-2021:tmeg-02-02-04-01,商标图样应当清晰,,
声音样本,声音样本,,seed,3,1,trademark-exam-guide-2021:tmeg-01-02；trademark-exam-guide-2021:tmeg-01-02-03-01-04-04-01；trademark-exam-guide-2021:tmeg-01-02-04-02-02；trademark-exam-guide-2021:tmeg-06-08-03,声音样本应当存放在一个音频文件中,,
商标异议申请,商标异议申请,,seed,1,1,trademark-exam-guide-2021:tmeg-01-03；trademark-exam-guide-2021:tmeg-01-04-03-03,商标转让申请、商标异议申请、商标撤销申请,,
商标评审申请,商标评审申请,,seed,1,1,trademark-exam-guide-2021:tmeg-01-04；trademark-exam-guide-2021:tmeg-01-04-03-01,提交商标评审申请,,
注册满三年的计算,注册满三年的计算,,seed,0,1,trademark-exam-guide-2021:tmeg-01-05,,,
类似商品和服务区分表,类似商品和服务区分表,,seed,6,1,trademark-exam-guide-2021:tmeg-02-01；trademark-exam-guide-2021:tmeg-02-01-01；trademark-exam-guide-2021:tmeg-02-01-02；trademark-exam-guide-2021:tmeg-06-01-03-04；trademark-exam-guide-2021:tmeg-06-05,制定《类似商品和服务区分表》,,
文字检索分卡,文字检索分卡,,seed,0,1,trademark-exam-guide-2021:tmeg-02-02,,,
图形要素编码,图形要素编码,,seed,3,1,trademark-exam-guide-2021:tmeg-02-03；trademark-exam-guide-2021:tmeg-02-03-02-02；trademark-exam-guide-2021:tmeg-02-03-03-01；trademark-exam-guide-2021:tmeg-02-03-03-03,根据图形特征标注相应的图形要素编码,,
商标变更申请,商标变更申请,,seed,3,1,trademark-exam-guide-2021:tmeg-01-04-03-03；trademark-exam-guide-2021:tmeg-03-01；trademark-exam-guide-2021:tmeg-05-04-03-03；trademark-exam-guide-2021:tmeg-05-04-04-03,分割申请、商标变更申请、商标续展申请,,
注册商标转让,注册商标转让,,seed,1,1,trademark-exam-guide-2021:tmeg-03-02；trademark-exam-guide-2021:tmeg-06-01-02-06,转让注册商标，商标注册人对其在同一种或者类似商品上注册的相同或者近似的商标,,
商标使用许可备案,商标使用许可备案,,seed,3,1,trademark-exam-guide-2021:tmeg-03-02；trademark-exam-guide-2021:tmeg-03-02-02-02；trademark-exam-guide-2021:tmeg-03-02-02-06；trademark-exam-guide-2021:tmeg-05-05-04-01-02,商标使用许可备案材料应提交,,
注册商标专用权质权登记,注册商标专用权质权登记,,seed,0,1,trademark-exam-guide-2021:tmeg-03-02,,,
注册商标续展,注册商标续展,,seed,1,1,trademark-exam-guide-2021:tmeg-03-03；trademark-exam-guide-2021:tmeg-05-06-02,注册商标续展公告,,
马德里商标国际注册申请,马德里商标国际注册申请,,seed,2,1,trademark-exam-guide-2021:tmeg-04-01；trademark-exam-guide-2021:tmeg-04-01-02；trademark-exam-guide-2021:tmeg-04-01-05-05,马德里商标国际注册申请是以国家知识产权局为原属局，指定领土延伸至,,
后期指定,后期指定,,seed,7,1,trademark-exam-guide-2021:tmeg-04-02；trademark-exam-guide-2021:tmeg-04-02-02；trademark-exam-guide-2021:tmeg-04-02-11-01；trademark-exam-guide-2021:tmeg-04-02-11-03；trademark-exam-guide-2021:tmeg-04-02-12-02,后期指定,,
国际注册后续业务,国际注册后续业务,,seed,0,1,trademark-exam-guide-2021:tmeg-04-02；trademark-exam-guide-2021:tmeg-04-05,,,
商标国际异议,商标国际异议,,seed,5,1,trademark-exam-guide-2021:tmeg-04-03；trademark-exam-guide-2021:tmeg-04-03-02-01；trademark-exam-guide-2021:tmeg-04-03-02-02；trademark-exam-guide-2021:tmeg-04-03-02-03；trademark-exam-guide-2021:tmeg-04-03-02-05-01,3个月内可提交商标国际异议,,
领土延伸申请,领土延伸申请,,seed,1,1,trademark-exam-guide-2021:tmeg-04-04；trademark-exam-guide-2021:tmeg-04-05-03-02-02；trademark-exam-guide-2021:tmeg-04-06,或通知领土延伸申请无效的,,
商标申请文件接收,商标申请文件接收,,seed,0,1,trademark-exam-guide-2021:tmeg-05-01,,,
商标规费,商标规费,,seed,2,1,trademark-exam-guide-2021:tmeg-01-01；trademark-exam-guide-2021:tmeg-01-01-06；trademark-exam-guide-2021:tmeg-01-05-01-08；trademark-exam-guide-2021:tmeg-05-02,及时足额缴纳商标规费,,
商标文件送达,商标文件送达,,seed,0,1,trademark-exam-guide-2021:tmeg-05-03,,,
补发商标注册证,补发商标注册证,,seed,0,1,trademark-exam-guide-2021:tmeg-05-04,,,
商标档案,商标档案,,seed,4,1,trademark-exam-guide-2021:tmeg-03-02-01-03-01；trademark-exam-guide-2021:tmeg-03-02-04-05-01；trademark-exam-guide-2021:tmeg-03-02-05-02；trademark-exam-guide-2021:tmeg-05-05；trademark-exam-guide-2021:tmeg-05-05-03-01,转让人应与商标档案记录的注册人相关情况一致,,
商标公告,商标公告,,seed,1,1,trademark-exam-guide-2021:tmeg-05-06；trademark-exam-guide-2021:tmeg-05-06-01,商标注册部门发布《商标公告》，刊发商标注册及其他有关事项,,
商标电子申请,商标电子申请,,seed,1,1,trademark-exam-guide-2021:tmeg-05-07；trademark-exam-guide-2021:tmeg-05-07-03,用户提交商标电子申请后,,
绝对理由与相对理由,绝对理由与相对理由,,seed,0,1,trademark-exam-guide-2021:tmeg-06-01,,,
相关公众,相关公众,,seed,35,1,trademark-exam-guide-2021:tmeg-06-01；trademark-exam-guide-2021:tmeg-06-01-01-04；trademark-exam-guide-2021:tmeg-06-01-03-05；trademark-exam-guide-2021:tmeg-06-04；trademark-exam-guide-2021:tmeg-06-04-02-01-01,商标审查的基准点即相关公众的认知,,
不以使用为目的的恶意注册,不以使用为目的的恶意注册,,seed,0,1,trademark-exam-guide-2021:tmeg-06-02,,,
不得作为商标使用的标志,不得作为商标使用的标志,,seed,1,1,trademark-exam-guide-2021:tmeg-06-01-02-01-01；trademark-exam-guide-2021:tmeg-06-03,第十条规定的不得作为商标使用的标志,,
带有欺骗性,带有欺骗性,,seed,1,1,trademark-exam-guide-2021:tmeg-06-03；trademark-exam-guide-2021:tmeg-06-03-02-01-07,标志对其指定商品或者服务的质量等特点或者来源作了超过其固有程度或与事实不符,,
不良影响,不良影响,,seed,10,1,trademark-exam-guide-2021:tmeg-03-02-01-07；trademark-exam-guide-2021:tmeg-03-02-01-09-02；trademark-exam-guide-2021:tmeg-06-03；trademark-exam-guide-2021:tmeg-06-03-02-02-07-01-01；trademark-exam-guide-2021:tmeg-06-03-02-02-08-03-10,上述混淆或不良影响是指转让行为本身所导致的,,
县级以上行政区划地名,县级以上行政区划地名,,seed,1,1,trademark-exam-guide-2021:tmeg-06-03；trademark-exam-guide-2021:tmeg-06-09；trademark-exam-guide-2021:tmeg-06-09-07-02-04-01,申请商标由无其他含义的县级以上行政区划地名和其他显著性文字要素组成,,
显著特征,显著特征,显著识别特征,seed,44,1,trademark-exam-guide-2021:tmeg-01-02-03-01-04-02-01；trademark-exam-guide-2021:tmeg-02-02-10-02；trademark-exam-guide-2021:tmeg-06-01-02-01-01；trademark-exam-guide-2021:tmeg-06-01-02-02；trademark-exam-guide-2021:tmeg-06-01-03-01,一般视为无特殊设计或无显著特征,,
固有显著性,固有显著性,,seed,3,1,trademark-exam-guide-2021:tmeg-06-01-03-02；trademark-exam-guide-2021:tmeg-06-04；trademark-exam-guide-2021:tmeg-06-07-04-01；trademark-exam-guide-2021:tmeg-06-08-04-01,固有显著性是商标本身具有的,,
经过使用取得显著特征,经过使用取得显著特征,,seed,5,1,trademark-exam-guide-2021:tmeg-06-04；trademark-exam-guide-2021:tmeg-06-04-02-01-04；trademark-exam-guide-2021:tmeg-06-06；trademark-exam-guide-2021:tmeg-06-07-04-02-02-02；trademark-exam-guide-2021:tmeg-06-08,经过使用取得显著特征，并便于识别,,
通用名称,通用名称,,seed,15,2,trademark-exam-guide-2021:tmeg-01-05-02-02；trademark-exam-guide-2021:tmeg-05-05-04-01-01；trademark-exam-guide-2021:tmeg-05-05-04-01-02；trademark-exam-guide-2021:tmeg-06-01-02-05；trademark-exam-guide-2021:tmeg-06-02-05-05-07,该名称经授权后即为该植物新品种的通用名称,,
近似商标,近似商标,,seed,32,1,trademark-exam-guide-2021:tmeg-03-02-01-06；trademark-exam-guide-2021:tmeg-03-02-01-09-01；trademark-exam-guide-2021:tmeg-03-02-01-09-03；trademark-exam-guide-2021:tmeg-04-06-03-03；trademark-exam-guide-2021:tmeg-04-06-04-06,容易导致混淆、误认作为判定两件商标构成近似商标的要件,,
隔离观察,隔离观察,,seed,2,1,trademark-exam-guide-2021:tmeg-06-05；trademark-exam-guide-2021:tmeg-06-05-03-02-01；trademark-exam-guide-2021:tmeg-07,隔离观察一般指的是进行商标近似判断时，应当在比对对象隔离的状态下分别进行。,,
要部比对,要部比对,,seed,2,1,trademark-exam-guide-2021:tmeg-06-01-03-03；trademark-exam-guide-2021:tmeg-06-05；trademark-exam-guide-2021:tmeg-06-05-03-02-01,要部比对是指应对比商标中显著识别的部分,,
混淆可能性,混淆可能性,,seed,4,1,trademark-exam-guide-2021:tmeg-03-02-01-06；trademark-exam-guide-2021:tmeg-06-01-03-04；trademark-exam-guide-2021:tmeg-06-01-03-05；trademark-exam-guide-2021:tmeg-06-05；trademark-exam-guide-2021:tmeg-06-10,其造成混淆的可能性愈大,,
三维标志商标,三维标志商标,,seed,11,1,trademark-exam-guide-2021:tmeg-01-02-03-01-04-02-01；trademark-exam-guide-2021:tmeg-02-02-02-01；trademark-exam-guide-2021:tmeg-02-03-02-07；trademark-exam-guide-2021:tmeg-06-06；trademark-exam-guide-2021:tmeg-06-06-05-01,提交的商标图样能够体现三维效果且能够识别、确定三维形状的，视为三维标志商标,,
颜色组合商标,颜色组合商标,,seed,9,1,trademark-exam-guide-2021:tmeg-01-02-03-01-04-03-01；trademark-exam-guide-2021:tmeg-01-02-03-01-04-03-02；trademark-exam-guide-2021:tmeg-02-02-02-01；trademark-exam-guide-2021:tmeg-02-03-02-06；trademark-exam-guide-2021:tmeg-04-01-05-03,以颜色组合申请商标注册的,,
声音商标,声音商标,,seed,8,1,trademark-exam-guide-2021:tmeg-01-02-03-01-04-04-02；trademark-exam-guide-2021:tmeg-02-02-02-01；trademark-exam-guide-2021:tmeg-02-04-01；trademark-exam-guide-2021:tmeg-04-01-05-03；trademark-exam-guide-2021:tmeg-06-08,以声音标志申请商标注册的，应当在商标图样中对申请注册的声音商标进行描述,,
集体商标,集体商标,,seed,27,1,trademark-exam-guide-2021:tmeg-01-02-01；trademark-exam-guide-2021:tmeg-01-02-03-01-03；trademark-exam-guide-2021:tmeg-01-02-03-05；trademark-exam-guide-2021:tmeg-03-01-01-02-02-01；trademark-exam-guide-2021:tmeg-03-02-01-01,集体商标,,
证明商标,证明商标,,seed,22,1,trademark-exam-guide-2021:tmeg-01-02-01；trademark-exam-guide-2021:tmeg-01-02-03-01-03；trademark-exam-guide-2021:tmeg-01-02-03-06；trademark-exam-guide-2021:tmeg-03-01-01-02-02-01；trademark-exam-guide-2021:tmeg-03-02-01-01,证明商标,,
地理标志证明商标,地理标志证明商标,,seed,5,1,trademark-exam-guide-2021:tmeg-03-02-01-02-03-03；trademark-exam-guide-2021:tmeg-06-03-02-02-09-04；trademark-exam-guide-2021:tmeg-06-09；trademark-exam-guide-2021:tmeg-06-09-07-01；trademark-exam-guide-2021:tmeg-06-09-07-02-03,地理标志集体商标和地理标志证明商标特有事项的审查,,
使用管理规则,使用管理规则,,seed,6,1,trademark-exam-guide-2021:tmeg-01-02-03-05；trademark-exam-guide-2021:tmeg-01-02-03-06；trademark-exam-guide-2021:tmeg-03-01；trademark-exam-guide-2021:tmeg-03-01-01-02-02-01；trademark-exam-guide-2021:tmeg-06-09,还应提交使用管理规则,,
驰名商标,驰名商标,,seed,12,1,trademark-exam-guide-2021:tmeg-06-01-01-02；trademark-exam-guide-2021:tmeg-06-01-02-01-02；trademark-exam-guide-2021:tmeg-06-01-02-02；trademark-exam-guide-2021:tmeg-06-10；trademark-exam-guide-2021:tmeg-06-10-02,他人未在中国注册的驰名商标,,
复制摹仿或者翻译,复制摹仿或者翻译,,seed,0,1,trademark-exam-guide-2021:tmeg-06-10,,,
代理人抢注,代理人抢注,,seed,0,1,trademark-exam-guide-2021:tmeg-06-11,,,
特定关系人抢注,特定关系人抢注,,seed,0,1,trademark-exam-guide-2021:tmeg-06-12,,,
商标代理机构申请注册商标,商标代理机构申请注册商标,,seed,0,1,trademark-exam-guide-2021:tmeg-06-13,,,
在先权利,在先权利,,seed,14,2,trademark-exam-guide-2021:tmeg-01-03-02-02；trademark-exam-guide-2021:tmeg-01-03-03-02；trademark-exam-guide-2021:tmeg-01-03-03-03-03；trademark-exam-guide-2021:tmeg-01-03-06-01；trademark-exam-guide-2021:tmeg-01-03-06-02-03,（四）损害他人在先权利的,,
字号权,字号权,,seed,5,1,trademark-exam-guide-2021:tmeg-01-03-03-02；trademark-exam-guide-2021:tmeg-06-14；trademark-exam-guide-2021:tmeg-06-14-02-01；trademark-exam-guide-2021:tmeg-06-14-02-02-01-01；trademark-exam-guide-2021:tmeg-06-14-02-02-01-02,字号权,,
姓名权,姓名权,,seed,3,1,trademark-exam-guide-2021:tmeg-06-14；trademark-exam-guide-2021:tmeg-06-14-02-02-04-01；trademark-exam-guide-2021:tmeg-06-14-02-02-04-02；trademark-exam-guide-2021:tmeg-06-14-02-02-08-01,他人姓名权可能造成损害的,,
外观设计专利权,外观设计专利权,,seed,7,3,trademark-exam-guide-2021:tmeg-06-01-01-03；trademark-exam-guide-2021:tmeg-06-14；trademark-exam-guide-2021:tmeg-06-14-02-02-03-01；trademark-exam-guide-2021:tmeg-06-14-02-02-03-02；trademark-exam-guide-2021:tmeg-06-14-02-02-08-01,作出授予外观设计专利权的决定,,
已经使用并有一定影响的商标,已经使用并有一定影响的商标,已经使用并有一定影响,seed,3,1,trademark-exam-guide-2021:tmeg-06-01-01-02；trademark-exam-guide-2021:tmeg-06-01-02-01-02；trademark-exam-guide-2021:tmeg-06-15；trademark-exam-guide-2021:tmeg-06-15-02-03-01,已经使用并有一定影响的商标,,
以其他不正当手段取得注册,以其他不正当手段取得注册,,seed,0,1,trademark-exam-guide-2021:tmeg-06-16,,,
连续三年不使用,连续三年不使用,,seed,8,1,trademark-exam-guide-2021:tmeg-01-05；trademark-exam-guide-2021:tmeg-01-05-01-02；trademark-exam-guide-2021:tmeg-01-05-01-05；trademark-exam-guide-2021:tmeg-05-05-04-01-01；trademark-exam-guide-2021:tmeg-05-05-04-01-02,被申请商标连续三年不使用的有关情况,,
商标使用,商标使用,,seed,2,1,trademark-exam-guide-2021:tmeg-06-15-02-03-02；trademark-exam-guide-2021:tmeg-06-17；trademark-exam-guide-2021:tmeg-06-17-06-04-02,商标使用情况,,
撤销无效注销后一年限制,撤销无效注销后一年限制,,seed,0,1,trademark-exam-guide-2021:tmeg-06-18,,,
审查意见书,审查意见书,,seed,3,1,trademark-exam-guide-2021:tmeg-06-02-05-05-01；trademark-exam-guide-2021:tmeg-06-04-02-02-04-01；trademark-exam-guide-2021:tmeg-06-19；trademark-exam-guide-2021:tmeg-06-19-04-01,商标注册部门通过审查意见书程序要求申请人,,
视为撤回,视为撤回,复审请求视为撤回,high,42,5,examination-guideline:01-01-01；examination-guideline:01-01-04-02；examination-guideline:01-01-04-06；examination-guideline:01-02-15；examination-guideline:01-03-12,根据情况作出申请视为撤回或者文件视为未提交的决定,,
商标代理机构,商标代理机构,,high,41,1,trademark-exam-guide-2021:tmeg-01-01-02-01；trademark-exam-guide-2021:tmeg-01-01-04-03-01-01-02；trademark-exam-guide-2021:tmeg-01-02-02；trademark-exam-guide-2021:tmeg-01-02-03-04；trademark-exam-guide-2021:tmeg-01-02-04-02-04,申请人及其商标代理机构提交虚假材料的，应当承担相应法律后果,,
利害关系人,利害关系人,,high,28,8,anti-monopoly-law-2022:aml-06-05；anti-unfair-competition-2025:aucl-03-01；anti-unfair-competition-2025:aucl-03-02；examination-guideline:04-03-03；examination-guideline:05-01-08,利害关系人,,
身份证明文件,身份证明文件,,high,28,1,trademark-exam-guide-2021:tmeg-01-01-04-02-01-01-01；trademark-exam-guide-2021:tmeg-01-01-04-02-01-01-02；trademark-exam-guide-2021:tmeg-01-01-04-02-01-02-01；trademark-exam-guide-2021:tmeg-01-01-04-02-01-02-02；trademark-exam-guide-2021:tmeg-01-01-04-02-02-02,申请人应当填写身份证明文件上的名称,,
品种权,品种权,,high,21,1,plant-variety-regulations-2025:pvpr-01-04；plant-variety-regulations-2025:pvpr-01-06；plant-variety-regulations-2025:pvpr-02-04；plant-variety-regulations-2025:pvpr-02-05；plant-variety-regulations-2025:pvpr-04-01,植物新品种授予植物新品种权（以下称品种权）,,
委托书,委托书,代理委托书；商标评审代理委托书,high,21,3,examination-guideline:01-01-06-01；examination-guideline:03-01-05-01；implementation-rules:rule-02-01；trademark-exam-guide-2021:tmeg-01-02-04-02-04；trademark-exam-guide-2021:tmeg-01-02-04-03-04,委托书应当使用专利局制定的标准表格,,
主体资格证明文件,主体资格证明文件,,high,21,1,trademark-exam-guide-2021:tmeg-01-01-04-02-01-01-02；trademark-exam-guide-2021:tmeg-01-01-04-02-02-01；trademark-exam-guide-2021:tmeg-01-01-04-04-02；trademark-exam-guide-2021:tmeg-01-01-04-06；trademark-exam-guide-2021:tmeg-01-01-05-01-01-02,所附身份证明文件、主体资格证明文件中的名称应当一致,,
商标专用权,商标专用权,,high,18,1,trademark-exam-guide-2021:tmeg-01-02-04-03-05；trademark-exam-guide-2021:tmeg-02-01-01；trademark-exam-guide-2021:tmeg-03-02-03-03-03；trademark-exam-guide-2021:tmeg-03-03-06-03；trademark-exam-guide-2021:tmeg-05-04-02-06-01,取得商标专用权的,,
地理标志,地理标志,,high,17,1,trademark-exam-guide-2021:tmeg-01-02-03-05；trademark-exam-guide-2021:tmeg-01-02-03-06；trademark-exam-guide-2021:tmeg-01-03-03-03-04-01；trademark-exam-guide-2021:tmeg-03-01-01-02-02-02；trademark-exam-guide-2021:tmeg-03-02-01-02-03-03,以地理标志作为集体商标注册的,,
形式审查,形式审查,申请文件的形式审查,high,17,2,examination-guideline:01-01-01；examination-guideline:01-02-01；trademark-exam-guide-2021:tmeg-01-01-01；trademark-exam-guide-2021:tmeg-01-04-03-05-01；trademark-exam-guide-2021:tmeg-01-05-01-02,申请文件的形式审查,,
布图设计专有权,布图设计专有权,集成电路布图设计专有权；专有权,high,15,1,ic-layout-regulations-2026:icld-01-01；ic-layout-regulations-2026:icld-01-04；ic-layout-regulations-2026:icld-01-08；ic-layout-regulations-2026:icld-01-09；ic-layout-regulations-2026:icld-02-01,集成电路布图设计专有权,,
国际更正,国际更正,,high,15,1,trademark-exam-guide-2021:tmeg-04-05-03-02-01；trademark-exam-guide-2021:tmeg-04-05-03-02-02；trademark-exam-guide-2021:tmeg-04-05-03-02-03；trademark-exam-guide-2021:tmeg-04-05-03-02-04；trademark-exam-guide-2021:tmeg-04-05-03-02-06,国际更正的内容为在指定国家列表中添加中国的,,
初步审查,初步审查,,high,14,6,anti-monopoly-law-2022:aml-04-06；examination-guideline:01-01-01；examination-guideline:01-03-01；examination-guideline:05-07-08；ic-layout-regulations-2026:icld-03-09,对申报的经营者集中进行初步审查,,
经营者集中,经营者集中,,high,14,1,anti-monopoly-law-2022:aml-01-03；anti-monopoly-law-2022:aml-04-01；anti-monopoly-law-2022:aml-04-02；anti-monopoly-law-2022:aml-04-03；anti-monopoly-law-2022:aml-04-06,具有或者可能具有排除、限制竞争效果的经营者集中,,
商业秘密,商业秘密,,high,14,7,anti-monopoly-law-2022:aml-06-04；anti-monopoly-law-2022:aml-07-11；anti-unfair-competition-2025:aucl-02-04；anti-unfair-competition-2025:aucl-03-04；anti-unfair-competition-2025:aucl-04-01,知悉的商业秘密,,
世界知识产权组织国际局,世界知识产权组织国际局,国际局,high,14,3,examination-guideline:03-01-02；examination-guideline:03-01-05-10；examination-guideline:03-01-05-11；examination-guideline:05-05-06；examination-guideline:06-01-04,世界知识产权组织国际局（以下简称国际局）,,
受让人,受让人,受让方,high,14,1,trademark-exam-guide-2021:tmeg-03-02-01-02-01；trademark-exam-guide-2021:tmeg-03-02-01-02-02；trademark-exam-guide-2021:tmeg-03-02-01-02-03-01；trademark-exam-guide-2021:tmeg-03-02-01-02-03-02；trademark-exam-guide-2021:tmeg-03-02-01-02-03-03,受让人应提供证明其从事经营活动的主体资格证明文件,,
显著性,显著性,,high,14,1,trademark-exam-guide-2021:tmeg-03-02-01-06；trademark-exam-guide-2021:tmeg-06-01-03-05；trademark-exam-guide-2021:tmeg-06-02-05-03-03；trademark-exam-guide-2021:tmeg-06-02-05-05-02；trademark-exam-guide-2021:tmeg-06-02-05-05-10,两件商标标识本身显著性的强弱,,
知名度,知名度,,high,14,1,trademark-exam-guide-2021:tmeg-03-02-01-06；trademark-exam-guide-2021:tmeg-06-01-03-05；trademark-exam-guide-2021:tmeg-06-02-05-03-03；trademark-exam-guide-2021:tmeg-06-02-05-05-02；trademark-exam-guide-2021:tmeg-06-05-03-02-02-02,两件商标的知名度高低、市场占有率大小,,
独创性,独创性,,high,13,4,copyright-law-2020:cpl-01-03；copyright-law-2020:cpl-02-02-05；copyright-law-rules-2013:cplr-02；ic-layout-regulations-2026:icld-01-06；ic-layout-regulations-2026:icld-02-01,具有独创性并能以一定形式表现的智力成果,,
优先权日,优先权日,,high,13,2,examination-guideline:03-01-03；examination-guideline:03-01-05-09；examination-guideline:04-05-02；examination-guideline:04-07；examination-guideline:05-07-02,自优先权日起三十个月,,
保护期,保护期,,high,12,4,copyright-law-2020:cpl-02-02-11；copyright-law-2020:cpl-02-03-01；copyright-law-2020:cpl-02-03-02；copyright-law-2020:cpl-04-02-04；copyright-law-2020:cpl-04-03-03,保护期,,
繁殖材料,繁殖材料,,high,12,1,plant-variety-regulations-2025:pvpr-01-04；plant-variety-regulations-2025:pvpr-02-01；plant-variety-regulations-2025:pvpr-02-06；plant-variety-regulations-2025:pvpr-03-02；plant-variety-regulations-2025:pvpr-04-08,完善繁殖材料保藏管理,,
驳回复审,驳回复审,驳回复审案件,high,11,1,trademark-exam-guide-2021:tmeg-01-04-02；trademark-exam-guide-2021:tmeg-01-04-03-03；trademark-exam-guide-2021:tmeg-01-05-01-03-02；trademark-exam-guide-2021:tmeg-03-01-01-07-02；trademark-exam-guide-2021:tmeg-03-01-02-03,驳回复审,,
不以使用为目的的恶意商标注册申请,不以使用为目的的恶意商标注册申请,不以使用为目的的恶意,high,11,1,trademark-exam-guide-2021:tmeg-06-02-02；trademark-exam-guide-2021:tmeg-06-02-05-01；trademark-exam-guide-2021:tmeg-06-02-05-04；trademark-exam-guide-2021:tmeg-06-02-05-05-05；trademark-exam-guide-2021:tmeg-06-02-05-05-06,不以使用为目的的恶意商标注册申请，应当予以驳回,,
不予核准,不予核准,,high,11,1,trademark-exam-guide-2021:tmeg-03-01-01-06-02；trademark-exam-guide-2021:tmeg-03-01-02-04；trademark-exam-guide-2021:tmeg-03-01-03-04；trademark-exam-guide-2021:tmeg-03-01-04-06；trademark-exam-guide-2021:tmeg-03-02-01-09-02,存在下列情形之一的，不予核准,,
不正当竞争行为,不正当竞争行为,,high,11,1,anti-unfair-competition-2025:aucl-01-01；anti-unfair-competition-2025:aucl-01-02；anti-unfair-competition-2025:aucl-01-04；anti-unfair-competition-2025:aucl-01-05；anti-unfair-competition-2025:aucl-01-06,预防和制止不正当竞争行为,,
技术方案,技术方案,,high,11,2,examination-guideline:01-02-06；examination-guideline:01-04-03；examination-guideline:02-01-02；examination-guideline:02-02-02-01；examination-guideline:02-02-02-02,是指对要解决的技术问题所采取的利用了自然规律的技术手段的集合,,
类似商品,类似商品,,high,11,1,trademark-exam-guide-2021:tmeg-04-06-03-03；trademark-exam-guide-2021:tmeg-04-06-04-06；trademark-exam-guide-2021:tmeg-06-01-03-04；trademark-exam-guide-2021:tmeg-06-05-02；trademark-exam-guide-2021:tmeg-06-05-03-01,相同或类似商品或者服务,,
马德里商标国际注册代理委托书,马德里商标国际注册代理委托书,,high,11,1,trademark-exam-guide-2021:tmeg-04-01-04；trademark-exam-guide-2021:tmeg-04-01-05-09；trademark-exam-guide-2021:tmeg-04-01-06-01；trademark-exam-guide-2021:tmeg-04-02-03-01；trademark-exam-guide-2021:tmeg-04-02-04-01,《马德里商标国际注册代理委托书》,,
审查意见通知书,审查意见通知书,,high,11,2,examination-guideline:01-01-03；examination-guideline:01-02-03；examination-guideline:01-03-03；examination-guideline:02-08-02；examination-guideline:02-08-04-01,审查意见通知书中应当指明专利申请存在的实质性缺陷，说明理由，同时指定答复期限,,
专利代理机构,专利代理机构,,high,11,3,examination-guideline:01-01-04-01；examination-guideline:02-08-04-12；examination-guideline:03-01-05-01；examination-guideline:04-02-02；examination-guideline:05-01-08,专利代理机构应当依照专利代理条例的规定经国家知识产权局批准成立,,
对比文件,对比文件,,high,10,4,chemistry-drafting-rules:chem-02-02；examination-guideline:02-03-02；examination-guideline:02-07-01；examination-guideline:02-07-08；examination-guideline:02-09-06-02,这个要结合撰写阶段检索到的最接近的对比文件加以确定,,
国际申请,国际申请,专利国际申请,high,10,3,examination-guideline:01-02-15；examination-guideline:03-01-01；examination-guideline:03-01-05-09；examination-guideline:05-05-06；implementation-rules:rule-01-08,要求获得实用新型专利保护的国际申请（以下简称国际申请）,,
技术问题,技术问题,所要解决的技术问题,high,10,3,chemistry-drafting-rules:chem-02-03-02；examination-guideline:02-01-02；examination-guideline:02-02-02-01；examination-guideline:02-02-02-02；examination-guideline:02-08-04-02,背景技术中指出的技术缺陷和发明内容要解决的技术问题必然是绝对对应的,,
举证责任,举证责任,,high,10,5,anti-unfair-competition-2025:aucl-04-18；copyright-law-2020:cpl-05-06；examination-guideline:04-03-02；examination-guideline:04-04-13；examination-guideline:04-08-02,举证责任,,
审查结论,审查结论,,high,10,1,trademark-exam-guide-2021:tmeg-03-01-01-06-01；trademark-exam-guide-2021:tmeg-03-01-02-04；trademark-exam-guide-2021:tmeg-03-01-04-06；trademark-exam-guide-2021:tmeg-03-02-05-04；trademark-exam-guide-2021:tmeg-04-05-03-02-04,申请人未能在规定期限内补正的，不影响商标注册部门作出审查结论,,
驳回,驳回,,high,9,4,examination-guideline:01-01-01；examination-guideline:02-08-01；examination-guideline:02-08-04-04；implementation-rules:rule-03-06；implementation-rules:rule-03-07,并通过驳回的方式结束审查程序,,
不予注册复审,不予注册复审,不予注册复审案件,high,9,1,trademark-exam-guide-2021:tmeg-01-04-02；trademark-exam-guide-2021:tmeg-01-04-03-03；trademark-exam-guide-2021:tmeg-03-01-02-03；trademark-exam-guide-2021:tmeg-03-02-04-03；trademark-exam-guide-2021:tmeg-05-05-04-01-01,不予注册复审,,
代表人,代表人,,high,9,3,examination-guideline:01-01-04-01；implementation-rules:rule-02-01；trademark-exam-guide-2021:tmeg-01-01-04-04-01；trademark-exam-guide-2021:tmeg-03-01-01-02-01；trademark-exam-guide-2021:tmeg-03-02-02-03,除本指南另有规定或者请求书中另有声明外，以第一署名申请人为代表人,,
禁用条款,禁用条款,,high,9,1,trademark-exam-guide-2021:tmeg-06-04-02-02-04-02；trademark-exam-guide-2021:tmeg-06-06-05-01；trademark-exam-guide-2021:tmeg-06-06-05-02-01；trademark-exam-guide-2021:tmeg-06-07-04-01；trademark-exam-guide-2021:tmeg-06-07-04-02-01,不适用相关禁用条款，只需对显著部分予以审查,,
宽展期,宽展期,宽展期限,high,9,1,trademark-exam-guide-2021:tmeg-03-01-01-07-02；trademark-exam-guide-2021:tmeg-03-02-01-09-01；trademark-exam-guide-2021:tmeg-03-02-06-02；trademark-exam-guide-2021:tmeg-03-02-06-03；trademark-exam-guide-2021:tmeg-03-02-06-04,变更商标的权利处于待定状态，如处于宽展期、等待驳回复审、等待诉讼等,,
邻接权,邻接权,与著作权有关的权益；与著作权有关的权利,high,9,2,copyright-law-2020:cpl-01-01；copyright-law-2020:cpl-01-08；copyright-law-2020:cpl-02-04-01；copyright-law-2020:cpl-02-04-02；copyright-law-2020:cpl-04-04-03,与著作权有关的权益,,
外国优先权,外国优先权,,high,9,3,examination-guideline:01-01-06-02；examination-guideline:01-03-05；examination-guideline:02-03-04；examination-guideline:02-08-03；examination-guideline:04-05-09,这种优先权称为外国优先权,,
在先权利人,在先权利人,,high,9,1,trademark-exam-guide-2021:tmeg-01-01-05-01-01-02；trademark-exam-guide-2021:tmeg-01-03-03-02；trademark-exam-guide-2021:tmeg-01-03-03-03-04-02；trademark-exam-guide-2021:tmeg-01-04-03-01；trademark-exam-guide-2021:tmeg-01-04-03-04-06,在先权利人或利害关系人的主体资格证明,,
著作权,著作权,版权,high,9,3,copyright-law-2020:cpl-01-01；copyright-law-2020:cpl-01-02；copyright-law-2020:cpl-06-01；copyright-law-rules-2013:cplr-06；copyright-law-rules-2013:cplr-07,著作权,,
附图标记,附图标记,标号,high,8,5,chemistry-drafting-rules:chem-01-01-01；examination-guideline:01-01-04-03；examination-guideline:01-02-07；examination-guideline:02-02-02-03；implementation-rules:rule-02-05,说明书附图中具有附图标记,,
混淆,混淆,,high,8,1,trademark-exam-guide-2021:tmeg-03-02-01-09-02；trademark-exam-guide-2021:tmeg-06-01-03-05；trademark-exam-guide-2021:tmeg-06-06-05-02-04-01-01；trademark-exam-guide-2021:tmeg-06-06-05-02-04-01-02；trademark-exam-guide-2021:tmeg-06-06-05-02-04-02-01,容易导致混淆,,
技术特征,技术特征,,high,8,3,examination-guideline:01-04-03；examination-guideline:02-01-02；examination-guideline:02-09-02；examination-guideline:02-09-06-01；examination-guideline:04-06,构成其要求专利保护的技术方案的技术特征,,
技术效果,技术效果,,high,8,3,chemistry-drafting-rules:chem-02-01；chemistry-drafting-rules:chem-02-03-03；examination-guideline:02-01-02；examination-guideline:02-08-04-02；examination-guideline:02-09-02,体现发明点的技术方案的要点以及所要达到的技术效果,,
滥用行政权力,滥用行政权力,,high,8,1,anti-monopoly-law-2022:aml-05-01；anti-monopoly-law-2022:aml-05-02；anti-monopoly-law-2022:aml-05-03；anti-monopoly-law-2022:aml-05-04；anti-monopoly-law-2022:aml-05-05,不得滥用行政权力,,
期限届满日,期限届满日,期限的届满日,high,8,4,ic-layout-regulations-2026:icld-06-03；implementation-rules:rule-01-05；trademark-exam-guide-2021:tmeg-01-04-03-02-03；trademark-exam-guide-2021:tmeg-03-03-05；trademark-exam-guide-2021:tmeg-04-03-02-01,以其最后一月的相应日为期限届满日,,
商标异议,商标异议,异议申请,high,8,1,trademark-exam-guide-2021:tmeg-01-03-03-04-02；trademark-exam-guide-2021:tmeg-05-02-01；trademark-exam-guide-2021:tmeg-05-05-02-01；trademark-exam-guide-2021:tmeg-05-05-04-01-01；trademark-exam-guide-2021:tmeg-05-05-04-01-02,商标注册部门收到商标异议申请后,,
商业利用,商业利用,首次商业利用,high,8,1,ic-layout-regulations-2026:icld-01-03；ic-layout-regulations-2026:icld-01-04；ic-layout-regulations-2026:icld-02-01；ic-layout-regulations-2026:icld-03-04；ic-layout-regulations-2026:icld-03-08,是指为商业目的进口、销售或者以其他方式提供受保护的布图设计,,
视为未提出,视为未提出,视为未提出请求,high,8,2,examination-guideline:01-01-01；examination-guideline:04-02-02；examination-guideline:05-01-02；examination-guideline:05-04-05；examination-guideline:05-05-06,根据情况作出申请视为撤回或者请求视为未提出的决定,,
署名权,署名权,,high,8,3,copyright-law-2020:cpl-02-01-02；copyright-law-2020:cpl-02-02-07；copyright-law-2020:cpl-02-02-08；copyright-law-2020:cpl-02-03-01；copyright-law-2020:cpl-03-06,署名权，即表明作者身份，在作品上署名的权利,,
图形要素分类,图形要素分类,,high,8,1,trademark-exam-guide-2021:tmeg-02-03-02-01；trademark-exam-guide-2021:tmeg-02-03-02-02；trademark-exam-guide-2021:tmeg-02-03-02-03；trademark-exam-guide-2021:tmeg-02-03-02-04；trademark-exam-guide-2021:tmeg-02-03-02-05,图形商标的图形要素分类,,
文件接收人,文件接收人,国内接收人,high,8,1,trademark-exam-guide-2021:tmeg-01-01-04-03-01-02；trademark-exam-guide-2021:tmeg-01-01-04-03-02；trademark-exam-guide-2021:tmeg-01-02-04-02-01；trademark-exam-guide-2021:tmeg-01-05-01-04-01；trademark-exam-guide-2021:tmeg-01-05-01-09-02,应当在申请书中指定位于内地（大陆）的文件接收人负责接收后继商标业务的法律文件,,
序列表,序列表,计算机可读形式序列表,high,8,3,chemistry-drafting-rules:chem-01-05-09；examination-guideline:01-01-04-02；examination-guideline:02-02-02-02；examination-guideline:02-10-09-02；examination-guideline:03-01-06,序列表应作为单独部分来描述并置于说明书的最后,,
优先权证明文件,优先权证明文件,,high,8,1,trademark-exam-guide-2021:tmeg-01-02-05-01；trademark-exam-guide-2021:tmeg-01-02-05-02；trademark-exam-guide-2021:tmeg-01-02-05-03；trademark-exam-guide-2021:tmeg-01-02-05-04；trademark-exam-guide-2021:tmeg-05-04-01-01,优先权证明文件,,
有益效果,有益效果,,high,8,4,chemistry-drafting-rules:chem-02-03-03；examination-guideline:01-02-07；examination-guideline:02-02-02-02；examination-guideline:02-08-05-02；examination-guideline:02-09-06-03,综上所述，本申请至少具有以下一种有益效果,,
专利合作条约,专利合作条约,PCT,high,8,2,examination-guideline:01-02-15；examination-guideline:02-07-04；examination-guideline:02-08-05-02；examination-guideline:03-01-01；examination-guideline:03-01-03,根据专利合作条约第19条提交的,,
专利许可使用费,专利许可使用费,许可使用费,high,8,6,implementation-rules:rule-06-01；patent-law:law-06-03；patent-law:law-07-08；examination-guideline:05-11-01；ic-layout-regulations-2026:icld-05-03,专利许可使用费支付方式、标准,,
保护范围,保护范围,专利权的保护范围,high,7,4,examination-guideline:02-02-01；examination-guideline:02-03-06；implementation-rules:rule-11-18；mechanical-drafting-rules:mech-01-03-06；mechanical-drafting-rules:mech-02-02,发明或者实用新型专利权的保护范围以其权利要求的内容为准,,
被许可人,被许可人,,high,7,6,copyright-law-2020:cpl-04-02-02；copyright-law-2020:cpl-04-03-03；copyright-law-rules-2013:cplr-24；examination-guideline:05-11-02；ip-evidence-rules-2020:ipev-32,被许可人,,
发明内容,发明内容,发明或者实用新型内容,high,7,4,chemistry-drafting-rules:chem-01-04-04；chemistry-drafting-rules:chem-02-03-02；chemistry-drafting-rules:chem-02-03-03；examination-guideline:02-02-02-02；implementation-rules:rule-02-04,发明内容的主要作用是对权利要求书中所要求保护的技术方案进行支持,,
共有商标,共有商标,,high,7,1,trademark-exam-guide-2021:tmeg-03-01-01-02-01；trademark-exam-guide-2021:tmeg-03-02-01-03-02；trademark-exam-guide-2021:tmeg-03-02-02-03；trademark-exam-guide-2021:tmeg-03-02-04-02；trademark-exam-guide-2021:tmeg-04-06-03-03,属于共有商标的，申请人应当在申请书,,
技术领域,技术领域,所属技术领域,high,7,4,chemistry-drafting-rules:chem-01-04-02；chemistry-drafting-rules:chem-02-03-01；examination-guideline:02-02-02-02；examination-guideline:02-07-05；examination-guideline:02-08-04-05,发明的技术领域应当是要求保护的发明技术方案所属或者直接应用的具体技术领域,,
进入日,进入日,,high,7,2,examination-guideline:03-01-02；examination-guideline:03-01-05-12；implementation-rules:rule-11-04；implementation-rules:rule-11-06；implementation-rules:rule-11-07,进入日是指向专利局办理并满足专利法实施细则第一百二十一条第一款,,
具体实施方式,具体实施方式,,high,7,5,chemistry-drafting-rules:chem-01-04-06；chemistry-drafting-rules:chem-02-03-03；examination-guideline:01-02-07；examination-guideline:02-02-02-02；implementation-rules:rule-02-04,具体实施方式是通过具体的实验证明权利要求所要求保护的技术方案确实是可以实现的,,
明显实质性缺陷,明显实质性缺陷,,high,7,1,examination-guideline:01-01-01；examination-guideline:01-02-03；examination-guideline:01-03-01；examination-guideline:01-03-03；examination-guideline:04-02-01,申请文件的明显实质性缺陷审查,,
权利要求书,权利要求书,,high,7,3,examination-guideline:01-02-07；examination-guideline:02-02-01；examination-guideline:05-01-05；examination-guideline:05-03-02；implementation-rules:rule-03-02,权利要求书应当以说明书为依据，清楚、简要地限定要求专利保护的范围,,
上位概念,上位概念,一般概念,high,7,5,chemistry-drafting-rules:chem-01-04-04；chemistry-drafting-rules:chem-02-02；examination-guideline:02-03-03；examination-guideline:02-10-05；infringement-guide:infr-02-02,如从上位概念— —中位概念—— 具体下位概念,,
说明书,说明书,,high,7,3,examination-guideline:01-02-07；examination-guideline:02-02-01；examination-guideline:05-03-02；implementation-rules:rule-02-04；implementation-rules:rule-03-02,说明书应当对实用新型作出清楚、完整的说明,,
相关市场,相关市场,,high,7,1,anti-monopoly-law-2022:aml-01-15；anti-monopoly-law-2022:aml-03-01；anti-monopoly-law-2022:aml-03-02；anti-monopoly-law-2022:aml-03-03；anti-monopoly-law-2022:aml-04-04,本法所称相关市场，是指经营者在一定时期内就特定商品或者服务,,
优先权要求费,优先权要求费,,high,7,2,examination-guideline:01-01-06-02；examination-guideline:03-01-05-02；examination-guideline:05-02-01；examination-guideline:06-02-06-02；implementation-rules:rule-10-01,应当在缴纳申请费的同时缴纳优先权要求费,,
注册商标,注册商标,,high,7,1,trademark-exam-guide-2021:tmeg-03-01-04-04；trademark-exam-guide-2021:tmeg-03-02-01-04；trademark-exam-guide-2021:tmeg-05-04-03-04；trademark-exam-guide-2021:tmeg-05-04-04-04；trademark-exam-guide-2021:tmeg-06-01-03-01,注册商标,,
驳回理由,驳回理由,,high,6,2,examination-guideline:01-03-01；examination-guideline:02-08-06；examination-guideline:04-02-03；examination-guideline:06-02-01；implementation-rules:rule-03-20,经初步审查没有发现驳回理由的,,
缔约方,缔约方,,high,6,1,trademark-exam-guide-2021:tmeg-04-01-02；trademark-exam-guide-2021:tmeg-04-01-05-05；trademark-exam-guide-2021:tmeg-04-02-03-04；trademark-exam-guide-2021:tmeg-04-02-05-02-02；trademark-exam-guide-2021:tmeg-04-02-10-03,《商标国际注册马德里协定有关议定书》缔约方（以下简称缔约方）,,
公告送达,公告送达,,high,6,3,examination-guideline:04-03-07；examination-guideline:05-06-02；implementation-rules:rule-01-04；implementation-rules:rule-09-02；trademark-exam-guide-2021:tmeg-01-01-04-03-01-01-01,采用公告送达的，自公告之日起满一个月，视为已经送达,,
管理专利工作的部门,管理专利工作的部门,,high,6,2,implementation-rules:rule-08-01；implementation-rules:rule-08-08；patent-law:law-01-03；patent-law:law-06-01；patent-law:law-07-02,省、自治区、直辖市人民政府管理专利工作的部门,,
规费,规费,,high,6,1,trademark-exam-guide-2021:tmeg-01-02-06-02；trademark-exam-guide-2021:tmeg-04-01-05-10；trademark-exam-guide-2021:tmeg-04-01-05-11；trademark-exam-guide-2021:tmeg-04-01-06-02；trademark-exam-guide-2021:tmeg-04-02-13,不需要缴纳规费,,
国际续展,国际续展,,high,6,1,trademark-exam-guide-2021:tmeg-04-02-02；trademark-exam-guide-2021:tmeg-04-02-03-01；trademark-exam-guide-2021:tmeg-04-02-12-02；trademark-exam-guide-2021:tmeg-04-02-12-03；trademark-exam-guide-2021:tmeg-04-06-02-02-01,国际续展,,
国际注册日,国际注册日,,high,6,3,examination-guideline:06-01-03；examination-guideline:06-02-04；examination-guideline:06-02-06-02；implementation-rules:rule-12-02；trademark-exam-guide-2021:tmeg-04-05-01-05,该国际注册日视为专利法第二十八条所称的申请日,,
国务院反垄断执法机构,国务院反垄断执法机构,,high,6,1,anti-monopoly-law-2022:aml-01-13；anti-monopoly-law-2022:aml-04-02；anti-monopoly-law-2022:aml-04-03；anti-monopoly-law-2022:aml-04-04；anti-monopoly-law-2022:aml-04-05,国务院反垄断执法机构负责反垄断统一执法工作,,
开放许可声明,开放许可声明,专利开放许可声明,high,6,3,examination-guideline:05-11-01；examination-guideline:05-11-02；examination-guideline:05-11-03；implementation-rules:rule-06-01；implementation-rules:rule-06-04,提出开放许可声明的专利权人应当声明许可任何单位,,
前序部分,前序部分,,high,6,4,examination-guideline:01-02-07；examination-guideline:01-04-03；examination-guideline:02-02-03-03；implementation-rules:rule-02-08；infringement-guide:infr-01-03,前序部分应写明要求保护的实用新型技术方案的主题名称,,
请求书,请求书,,high,6,3,examination-guideline:05-03-02；implementation-rules:rule-02-03；implementation-rules:rule-03-02；implementation-rules:rule-03-03；patent-law:law-03-01,申请文件中有请求书,,
市场支配地位,市场支配地位,,high,6,1,anti-monopoly-law-2022:aml-01-03；anti-monopoly-law-2022:aml-01-07；anti-monopoly-law-2022:aml-03-01；anti-monopoly-law-2022:aml-03-02；anti-monopoly-law-2022:aml-03-03,经营者滥用市场支配地位,,
视为未提出通知书,视为未提出通知书,,high,6,1,examination-guideline:01-02-08；examination-guideline:01-03-10；examination-guideline:03-01-05-08；examination-guideline:05-01-04；examination-guideline:05-03-04,审查员应当发出视为未提出通知书,,
视为未提交,视为未提交,,high,6,3,examination-guideline:01-01-01；examination-guideline:05-01-02；implementation-rules:rule-03-10；trademark-exam-guide-2021:tmeg-01-01-05-01-01-03；trademark-exam-guide-2021:tmeg-01-04-05-02,直接作出文件视为未提交的决定,,
无效宣告程序,无效宣告程序,,high,6,2,examination-guideline:04-01-02；examination-guideline:04-03-01；examination-guideline:04-04-04；examination-guideline:04-08-01；examination-guideline:05-04-03,无效宣告请求审查程序（简称无效宣告程序）,,
英文分卡,英文分卡,,high,6,1,trademark-exam-guide-2021:tmeg-02-02-03；trademark-exam-guide-2021:tmeg-02-02-05；trademark-exam-guide-2021:tmeg-02-02-06；trademark-exam-guide-2021:tmeg-02-02-07；trademark-exam-guide-2021:tmeg-02-02-08,英文分卡：BLUEFOREST；BLUE；FOREST,,
整体视觉效果,整体视觉效果,,high,6,1,trademark-exam-guide-2021:tmeg-06-06-05-02-04-01-01；trademark-exam-guide-2021:tmeg-06-06-05-02-04-02-01；trademark-exam-guide-2021:tmeg-06-06-05-02-04-02-02；trademark-exam-guide-2021:tmeg-06-07-04-02-01；trademark-exam-guide-2021:tmeg-06-07-04-02-03-01,整体视觉效果与他人在先的三维标志商标相同或者近似,,
主动修改,主动修改,,high,6,2,examination-guideline:01-01-07；examination-guideline:01-02-08；examination-guideline:01-03-10；examination-guideline:02-08-04-01；examination-guideline:02-08-05-02,根据专利法实施细则第五十七条的规定提出了主动修改文本的,,
转让人,转让人,转让方,high,6,1,trademark-exam-guide-2021:tmeg-03-02-01-02-02；trademark-exam-guide-2021:tmeg-03-02-01-02-03-01；trademark-exam-guide-2021:tmeg-03-02-01-02-03-02；trademark-exam-guide-2021:tmeg-03-02-01-02-03-03；trademark-exam-guide-2021:tmeg-03-02-01-03-01,转让人章戳处盖章,,
保密责任,保密责任,,high,5,3,examination-guideline:05-04-05；ic-layout-regulations-2026:icld-01-05；ic-layout-regulations-2026:icld-03-14；patent-law:law-01-18；patent-law:law-01-21,专利局相关部门对尚未审结的复审和无效案卷负有保密责任,,
表演者,表演者,,high,5,2,copyright-law-2020:cpl-04-03-02；copyright-law-2020:cpl-04-03-03；copyright-law-2020:cpl-05-04；copyright-law-2020:cpl-06-05；copyright-law-rules-2013:cplr-05,应当同表演者订立合同,,
不正当手段,不正当手段,,high,5,1,trademark-exam-guide-2021:tmeg-06-01-03-07；trademark-exam-guide-2021:tmeg-06-15-02-01；trademark-exam-guide-2021:tmeg-06-15-02-02；trademark-exam-guide-2021:tmeg-06-15-02-04；trademark-exam-guide-2021:tmeg-06-16-02-01,不正当手段是指商标申请人或者商标代理机构在申请商标注册或者办理其他商标事宜时,,
产地误认,产地误认,,high,5,1,trademark-exam-guide-2021:tmeg-06-03-02-02-07-02-01；trademark-exam-guide-2021:tmeg-06-03-02-02-07-02-02；trademark-exam-guide-2021:tmeg-06-03-02-02-07-02-03；trademark-exam-guide-2021:tmeg-06-03-02-02-07-02-04；trademark-exam-guide-2021:tmeg-06-03-02-02-09-01-03,申请人并非来自该地，使用在指定商品上，容易使公众发生产地误认的,,
撤回申请,撤回申请,,high,5,1,trademark-exam-guide-2021:tmeg-01-05-01-09-02；trademark-exam-guide-2021:tmeg-01-05-01-09-03；trademark-exam-guide-2021:tmeg-01-05-02-07；trademark-exam-guide-2021:tmeg-03-02-01-10；trademark-exam-guide-2021:tmeg-04-02-14,撤回申请,,
地理标志集体商标,地理标志集体商标,,high,5,1,trademark-exam-guide-2021:tmeg-03-02-01-02-03-03；trademark-exam-guide-2021:tmeg-06-03-02-02-09-04；trademark-exam-guide-2021:tmeg-06-09-07-01；trademark-exam-guide-2021:tmeg-06-09-07-02-03；trademark-exam-guide-2021:tmeg-06-09-07-05-01-01,地理标志集体商标和地理标志证明商标特有事项的审查,,
发表权,发表权,,high,5,2,copyright-law-2020:cpl-02-01-02；copyright-law-2020:cpl-02-02-10；copyright-law-2020:cpl-02-03-02；copyright-law-2020:cpl-06-04；copyright-law-rules-2013:cplr-17,发表权，即决定作品是否公之于众的权利,,
法定期限,法定期限,,high,5,2,examination-guideline:05-07-01；trademark-exam-guide-2021:tmeg-01-04-03-02-02；trademark-exam-guide-2021:tmeg-04-02-12-03；trademark-exam-guide-2021:tmeg-05-01-06-01；trademark-exam-guide-2021:tmeg-06-19-04-01,法定期限是指专利法及其实施细则规定的各种期限,,
方法权利要求,方法权利要求,活动的权利要求,high,5,2,chemistry-drafting-rules:chem-01-03-01；chemistry-drafting-rules:chem-01-03-02；chemistry-drafting-rules:chem-02-02；examination-guideline:02-02-03-01；examination-guideline:02-09-05,也可以采用“方法权利要求”来保护,,
非自愿许可,非自愿许可,,high,5,1,ic-layout-regulations-2026:icld-04-06；ic-layout-regulations-2026:icld-04-07；ic-layout-regulations-2026:icld-04-08；ic-layout-regulations-2026:icld-04-09；ic-layout-regulations-2026:icld-04-10,国务院知识产权行政部门可以给予使用其布图设计的非自愿许可,,
附加技术特征,附加技术特征,附加的技术特征,high,5,4,chemistry-drafting-rules:chem-01-03-03；examination-guideline:02-02-03-01；examination-guideline:02-07-03；infringement-guide:infr-01-02；mechanical-drafting-rules:mech-01-02-03,附加的技术特征可以是进一步限定的技术特征，也可以是新引出的技术特征,,
功能性,功能性,非功能性,high,5,1,trademark-exam-guide-2021:tmeg-06-01-02-01-01；trademark-exam-guide-2021:tmeg-06-01-02-02；trademark-exam-guide-2021:tmeg-06-06-05-02-03-01；trademark-exam-guide-2021:tmeg-06-06-05-02-03-02；trademark-exam-guide-2021:tmeg-06-06-05-02-03-03,具有功能性不得注册的三维标志,,
国际申请日,国际申请日,,high,5,3,examination-guideline:03-01-03；examination-guideline:03-01-05-11；implementation-rules:rule-11-02；implementation-rules:rule-11-17；oa-response-guide:oa-01-03,国际申请日是在国际阶段由受理局确定的。,,
合理开支,合理开支,,high,5,5,anti-unfair-competition-2025:aucl-04-01；copyright-law-2020:cpl-05-06；customs-ip-protection-2018:cusr-03-14；ic-layout-regulations-2026:icld-05-03；patent-law:law-07-08,经营者为制止侵权行为所支付的合理开支,,
基础商标,基础商标,,high,5,1,trademark-exam-guide-2021:tmeg-04-01-03-02；trademark-exam-guide-2021:tmeg-04-01-07-03；trademark-exam-guide-2021:tmeg-04-02-04-03；trademark-exam-guide-2021:tmeg-04-05-01-02；trademark-exam-guide-2021:tmeg-04-06-06-02,基础商标可以是已在中国获得注册的商标,,
领土延伸新申请,领土延伸新申请,更正转新申请,high,5,1,trademark-exam-guide-2021:tmeg-04-05-03-02-01；trademark-exam-guide-2021:tmeg-04-05-03-02-03；trademark-exam-guide-2021:tmeg-04-05-03-02-04；trademark-exam-guide-2021:tmeg-04-05-03-02-05；trademark-exam-guide-2021:tmeg-04-05-03-02-06,更正分拣为领土延伸新申请（更正转新申请）,,
录音录像制作者,录音录像制作者,,high,5,1,copyright-law-2020:cpl-04-03-01；copyright-law-2020:cpl-04-03-02；copyright-law-2020:cpl-04-03-03；copyright-law-2020:cpl-05-04；copyright-law-2020:cpl-06-05,录音录像制作者使用他人作品制作录音录像制品,,
录音制品,录音制品,,high,5,2,copyright-law-2020:cpl-04-03-01；copyright-law-2020:cpl-04-04-01；copyright-law-rules-2013:cplr-05；copyright-law-rules-2013:cplr-31；copyright-law-rules-2013:cplr-34,已经合法录制为录音制品的音乐作品,,
商标近似,商标近似,,high,5,1,trademark-exam-guide-2021:tmeg-06-01-03-03；trademark-exam-guide-2021:tmeg-06-05-03-01；trademark-exam-guide-2021:tmeg-06-07-04-02-03-01；trademark-exam-guide-2021:tmeg-06-07-04-02-03-02；trademark-exam-guide-2021:tmeg-07,商标近似是指文字、图形、字母、数字、三维标志、颜色组合和声音等商标的构成要素,,
商标注册人,商标注册人,,high,5,1,trademark-exam-guide-2021:tmeg-03-01-02-02；trademark-exam-guide-2021:tmeg-03-02-01-03-01；trademark-exam-guide-2021:tmeg-03-02-02-03；trademark-exam-guide-2021:tmeg-03-03-03；trademark-exam-guide-2021:tmeg-05-01-03-02,变更代理机构的申请人应当是商标注册人,,
申请附加费,申请附加费,,high,5,2,examination-guideline:03-01-07；examination-guideline:05-02-01；implementation-rules:rule-10-01；implementation-rules:rule-10-03；implementation-rules:rule-11-04,未缴纳或未缴足申请附加费的,,
视听作品,视听作品,,high,5,1,copyright-law-2020:cpl-01-03；copyright-law-2020:cpl-02-02-07；copyright-law-2020:cpl-02-03-02；copyright-law-2020:cpl-04-04-04；copyright-law-2020:cpl-05-11,视听作品,,
视为放弃,视为放弃,,high,5,2,implementation-rules:rule-03-19；implementation-rules:rule-09-02；trademark-exam-guide-2021:tmeg-03-01-01-06-03；trademark-exam-guide-2021:tmeg-03-02-01-09-03；trademark-exam-guide-2021:tmeg-06-01-02-06,视为放弃取得专利权的权利,,
视为未要求优先权,视为未要求优先权,,high,5,3,examination-guideline:01-01-06-02；examination-guideline:01-02-15；examination-guideline:06-02-06-02；implementation-rules:rule-10-03；patent-law:law-03-05,审查员应当发出视为未要求优先权通知书,,
收获材料,收获材料,,high,5,1,plant-variety-regulations-2025:pvpr-02-01；plant-variety-regulations-2025:pvpr-03-02；plant-variety-regulations-2025:pvpr-07-03；plant-variety-regulations-2025:pvpr-07-05；plant-variety-regulations-2025:pvpr-08-01,由未经许可使用授权品种的繁殖材料而获得的收获材料,,
说明书附图,说明书附图,附图,high,5,3,examination-guideline:01-02-07；examination-guideline:02-02-02-03；examination-guideline:05-03-02；mechanical-drafting-rules:mech-01-03-07；implementation-rules:rule-03-05,附图是说明书的一个组成部分,,
特征部分,特征部分,,high,5,3,examination-guideline:01-02-07；examination-guideline:01-04-03；examination-guideline:02-02-03-03；implementation-rules:rule-02-08；infringement-guide:infr-01-03,特征部分使用“其特征是……”或者类似的用语,,
未注册商标,未注册商标,,high,5,1,trademark-exam-guide-2021:tmeg-06-01-01-02；trademark-exam-guide-2021:tmeg-06-10-05-04-04；trademark-exam-guide-2021:tmeg-06-15-02-01；trademark-exam-guide-2021:tmeg-06-15-02-03-01；trademark-exam-guide-2021:tmeg-06-15-02-03-02,在先使用的未注册商标依法予以一定程度的保护,,
一并转让,一并转让,,high,5,1,trademark-exam-guide-2021:tmeg-03-02-01-05；trademark-exam-guide-2021:tmeg-04-06-03-03；trademark-exam-guide-2021:tmeg-04-06-03-06；trademark-exam-guide-2021:tmeg-04-06-04-03；trademark-exam-guide-2021:tmeg-04-06-04-06,应当一并转让,,
邮戳日,邮戳日,,high,5,2,patent-law:law-03-03；trademark-exam-guide-2021:tmeg-01-03-03-01-01；trademark-exam-guide-2021:tmeg-03-03-05；trademark-exam-guide-2021:tmeg-05-01-05-02；trademark-exam-guide-2021:tmeg-05-03-01-03,如果申请文件是邮寄的，以寄出的邮戳日为申请日,,
在先申请,在先申请,第一次提出的专利申请,high,5,2,examination-guideline:01-01-06-02；examination-guideline:01-02-15；examination-guideline:02-08-04-06；implementation-rules:rule-02-02；implementation-rules:rule-12-04,在先申请应当是发明或者实用新型专利申请，不应当是外观设计专利申请,,
质证,质证,,high,5,3,examination-guideline:04-04-05；examination-guideline:04-08-04；ip-evidence-rules-2020:ipev-23；ip-evidence-rules-2020:ipev-27；trademark-exam-guide-2021:tmeg-01-03-06-02-02,然后由专利权人进行质证,,
著录项目,著录项目,,high,5,1,examination-guideline:03-01-06；examination-guideline:04-01-06；examination-guideline:05-04-03；examination-guideline:05-06-01；examination-guideline:06-02-05,著录项目包括：国际专利分类号、申请号、公布号,,
专利代理师,专利代理师,,high,5,2,examination-guideline:01-01-04-01；examination-guideline:01-01-06-01；examination-guideline:05-04-05；implementation-rules:rule-02-03；implementation-rules:rule-13-02,专利代理师，是指获得专利代理师资格证书、在合法的专利代理机构执业的人员,,
巴黎公约,巴黎公约,保护工业产权巴黎公约,high,4,1,examination-guideline:01-01-04-01；examination-guideline:01-01-06-02；examination-guideline:01-03-05；examination-guideline:03-01-03,保护工业产权巴黎公约（以下简称巴黎公约）成员国,,
保护作品完整权,保护作品完整权,,high,4,2,copyright-law-2020:cpl-02-01-02；copyright-law-2020:cpl-02-03-01；copyright-law-2020:cpl-03-06；copyright-law-rules-2013:cplr-15,保护作品完整权，即保护作品不受歪曲、篡改的权利,,
保密原则,保密原则,,high,4,1,examination-guideline:01-01-02；examination-guideline:01-02-02；examination-guideline:01-03-02；examination-guideline:04-03-02,对于尚未公布、公告的专利申请文件和与专利申请有关的其他内容,,
被控侵权人,被控侵权人,,high,4,3,examination-guideline:05-10-01；examination-guideline:05-10-02；implementation-rules:rule-03-21；patent-law:law-07-03,专利权人、利害关系人或者被控侵权人,,
补充检索,补充检索,,high,4,1,examination-guideline:02-07-11；examination-guideline:02-08-04-11；examination-guideline:03-02-04；examination-guideline:05-10-06,为了获得更适合的对比文件，审查员应当对申请进行补充检索,,
产品权利要求,产品权利要求,物的权利要求,high,4,2,chemistry-drafting-rules:chem-01-03-01；chemistry-drafting-rules:chem-01-03-02；chemistry-drafting-rules:chem-02-02；examination-guideline:02-02-03-01,又可以采用将新化合物与其他物质组合形成新产品的“产品权利要求”来保护,,
撤回专利申请,撤回专利申请,主动撤回,high,4,3,implementation-rules:rule-02-25；implementation-rules:rule-13-01；patent-law:law-03-07；examination-guideline:05-04-05,申请人撤回专利申请的，应当向国务院专利行政部门提出声明,,
程序节约原则,程序节约原则,,high,4,1,examination-guideline:01-01-02；examination-guideline:01-02-02；examination-guideline:01-03-02；examination-guideline:02-08-02,审查员应当尽可能提高审查效率，缩短审查过程,,
错缴,错缴,,high,4,2,examination-guideline:05-02-04；trademark-exam-guide-2021:tmeg-05-02-04-01；trademark-exam-guide-2021:tmeg-05-02-04-02-01；trademark-exam-guide-2021:tmeg-05-02-04-02-02,多缴、重缴、错缴专利费用的,,
担保金,担保金,担保,high,4,1,customs-ip-protection-2018:cusr-03-03；customs-ip-protection-2018:cusr-03-08；customs-ip-protection-2018:cusr-03-13；customs-ip-protection-2018:cusr-03-14,向海关提供不超过货物等值的担保，用于赔偿可能因申请不当给收货人、发货人造成的损失,,
第一次审查意见通知书,第一次审查意见通知书,,high,4,1,examination-guideline:02-08-04-03；examination-guideline:02-08-04-04；examination-guideline:02-08-04-10；examination-guideline:05-02-04,审查员不必检索即可发出第一次审查意见通知书,,
多缴,多缴,,high,4,2,examination-guideline:05-02-04；trademark-exam-guide-2021:tmeg-05-02-04-01；trademark-exam-guide-2021:tmeg-05-02-04-02-01；trademark-exam-guide-2021:tmeg-05-02-04-02-02,多缴、重缴、错缴专利费用的,,
多项从属权利要求,多项从属权利要求,,high,4,4,chemistry-drafting-rules:chem-01-01-02；examination-guideline:02-02-03-03；implementation-rules:rule-02-09；mechanical-drafting-rules:mech-01-01-02,一项引用两项以上权利要求的多项从属权利要求,,
恶意,恶意,,high,4,1,trademark-exam-guide-2021:tmeg-06-01-03-07；trademark-exam-guide-2021:tmeg-06-05-03-02-02-04；trademark-exam-guide-2021:tmeg-06-14-02-02-08-02；trademark-exam-guide-2021:tmeg-06-15-02-05,恶意是指商标申请人或者商标代理机构在申请商标注册或者办理其他商标事宜时,,
发明专利申请单行本,发明专利申请单行本,单行本,high,4,2,examination-guideline:03-01-06；examination-guideline:05-04-05；examination-guideline:05-08-02；implementation-rules:rule-09-03,发明专利申请单行本的出版两种形式完成,,
分类号,分类号,国际专利分类号,high,4,1,examination-guideline:01-03-12；examination-guideline:01-04-01；examination-guideline:02-07-05；examination-guideline:02-08-03,分类号由“LOC”“（版本号）”“Cl.”“大类号－小类号”组合而成,,
复审决定,复审决定,复审请求审查决定,high,4,2,examination-guideline:04-02-05；examination-guideline:04-02-06；examination-guideline:04-02-07；implementation-rules:rule-04-03,复审请求审查决定（简称复审决定）分为下列三种类型,,
公布印刷费,公布印刷费,,high,4,2,examination-guideline:05-02-01；implementation-rules:rule-10-01；implementation-rules:rule-10-03；implementation-rules:rule-11-04,公布印刷费是指发明专利申请公布需要缴纳的费用,,
国际初步审查,国际初步审查,,high,4,1,examination-guideline:03-01-01；examination-guideline:03-01-03；examination-guideline:03-02-01；examination-guideline:03-02-05,参考国际检索和国际初步审查结果进行的实质审查,,
合作作品,合作作品,,high,4,2,copyright-law-2020:cpl-02-02-04；copyright-law-2020:cpl-02-03-02；copyright-law-rules-2013:cplr-09；copyright-law-rules-2013:cplr-14,两人以上合作创作的作品，著作权由合作作者共同享有,,
合作作者,合作作者,,high,4,2,copyright-law-2020:cpl-02-02-04；copyright-law-2020:cpl-05-04；copyright-law-rules-2013:cplr-09；copyright-law-rules-2013:cplr-14,没有参加创作的人，不能成为合作作者,,
监督检测能力,监督检测能力,,high,4,1,trademark-exam-guide-2021:tmeg-03-02-01-02-03-02；trademark-exam-guide-2021:tmeg-03-02-01-02-03-03；trademark-exam-guide-2021:tmeg-06-09-07-05-02；trademark-exam-guide-2021:tmeg-06-09-07-05-04,受让人监督检测能力证明,,
进入声明,进入声明,进入国家阶段的书面声明,high,4,1,examination-guideline:01-02-15；examination-guideline:03-01-03；examination-guideline:03-01-05-11；examination-guideline:03-02-03,进入国家阶段的书面声明（以下简称进入声明）,,
尼斯分类,尼斯分类,商标注册用商品和服务国际分类,high,4,1,trademark-exam-guide-2021:tmeg-02-01-01；trademark-exam-guide-2021:tmeg-02-01-02；trademark-exam-guide-2021:tmeg-06-01-03-04；trademark-exam-guide-2021:tmeg-06-05-03-01,《商标注册用商品和服务国际分类》（尼斯分类）,,
权利转让合同,权利转让合同,转让合同,high,4,3,copyright-law-2020:cpl-03-02；copyright-law-2020:cpl-03-04；copyright-law-rules-2013:cplr-25；examination-guideline:05-01-07,权利转让合同,,
申请人资格,申请人资格,,high,4,1,trademark-exam-guide-2021:tmeg-04-01-03-01；trademark-exam-guide-2021:tmeg-04-02-10-02；trademark-exam-guide-2021:tmeg-04-02-11-02；trademark-exam-guide-2021:tmeg-04-02-12-03,申请人资格,,
实际损失,实际损失,,high,4,4,anti-unfair-competition-2025:aucl-04-01；copyright-law-2020:cpl-05-06；ic-layout-regulations-2026:icld-05-03；patent-law:law-07-08,因被侵权所受到的实际损失,,
授权品种,授权品种,,high,4,1,plant-variety-regulations-2025:pvpr-01-06；plant-variety-regulations-2025:pvpr-02-01；plant-variety-regulations-2025:pvpr-02-06；plant-variety-regulations-2025:pvpr-06-02,被授予品种权的植物新品种（以下称授权品种）,,
书面审查原则,书面审查原则,,high,4,2,examination-guideline:01-01-02；examination-guideline:01-02-02；examination-guideline:01-03-02；trademark-exam-guide-2021:tmeg-01-01-02-01,审查员应当以申请人提交的书面文件为基础进行审查,,
先申请原则,先申请原则,,high,4,3,examination-guideline:02-03-05；examination-guideline:03-02-02；patent-law:law-01-09；plant-variety-regulations-2025:pvpr-02-04,那么根据先申请原则，申请人就不能取得专利权,,
相关技术,相关技术,关联技术；改进前的方案,high,4,2,chemistry-drafting-rules:chem-01-04-03；chemistry-drafting-rules:chem-02-03-02；mechanical-drafting-rules:mech-01-03-03；mechanical-drafting-rules:mech-01-03-05,建议使用“相关技术”、“关联技术”或“改进前的方案”,,
修改权,修改权,,high,4,2,copyright-law-2020:cpl-02-01-02；copyright-law-2020:cpl-02-03-01；copyright-law-2020:cpl-03-06；copyright-law-rules-2013:cplr-15,修改权，即修改或者授权他人修改作品的权利,,
许可使用合同,许可使用合同,,high,4,3,copyright-law-2020:cpl-03-01；copyright-law-2020:cpl-03-04；copyright-law-rules-2013:cplr-23；ip-evidence-rules-2020:ipev-32,许可使用合同,,
许诺销售,许诺销售,,high,4,3,infringement-guide:infr-05-01；patent-law:law-01-11；patent-law:law-07-12；plant-variety-regulations-2025:pvpr-07-05,在销售侵犯他人专利权的产品行为实际发生前，被诉侵权人作出销售侵犯他人专利权产品,,
延长期限请求费,延长期限请求费,,high,4,2,examination-guideline:05-02-01；examination-guideline:05-07-04；implementation-rules:rule-10-01；implementation-rules:rule-10-07,延长期限请求费的缴纳期限是在相应期限届满之日前,,
要求优先权声明,要求优先权声明,优先权声明,high,4,2,examination-guideline:01-01-06-02；examination-guideline:03-01-05-02；examination-guideline:06-02-06-02；patent-law:law-03-05,申请人要求优先权的，应当在提出专利申请的同时在请求书中声明,,
依赖遗传资源完成的发明创造,依赖遗传资源完成的发明创造,,high,4,3,examination-guideline:02-01-03；examination-guideline:02-10-09-05；implementation-rules:rule-02-13；patent-law:law-03-01,专利法所称依赖遗传资源完成的发明创造，是指利用了遗传资源的遗传功能完成的发明创造,,
依职权审查,依职权审查,依职权审查原则,high,4,2,examination-guideline:04-01-02；examination-guideline:04-02-01；examination-guideline:04-03-04；patent-law:law-04-02,合议组可以依职权对驳回决定未提及的明显实质性缺陷进行审查,,
遗传资源来源披露登记表,遗传资源来源披露登记表,登记表,high,4,1,examination-guideline:01-01-05；examination-guideline:02-08-04-07；examination-guideline:02-10-09-05；examination-guideline:03-01-05-06,填写遗传资源来源披露登记表，写明该遗传资源的直接来源和原始来源,,
译文错误,译文错误,,high,4,2,examination-guideline:03-01-05-08；examination-guideline:03-02-05；implementation-rules:rule-11-14；implementation-rules:rule-11-18,译文错误是指译文文本与国际局传送的原文文本相比个别术语,,
域外证据,域外证据,,high,4,3,examination-guideline:04-08-02；ip-evidence-rules-2020:ipev-08；ip-evidence-rules-2020:ipev-09；trademark-exam-guide-2021:tmeg-06-10-05-04-04,域外证据是指在中华人民共和国领域外形成的证据,,
知识产权海关保护备案,知识产权海关保护备案,知识产权备案；知识产权保护备案,high,4,1,customs-ip-protection-2018:cusr-02-03；customs-ip-protection-2018:cusr-02-04；customs-ip-protection-2018:cusr-03-09；customs-ip-protection-2018:cusr-04-02,知识产权权利人申请知识产权备案未如实提供有关情况或者文件的,,
职务作品,职务作品,,high,4,2,copyright-law-2020:cpl-02-02-08；copyright-law-2020:cpl-02-03-02；copyright-law-rules-2013:cplr-11；copyright-law-rules-2013:cplr-12,自然人为完成法人或者非法人组织工作任务所创作的作品是职务作品,,
植物新品种,植物新品种,,high,4,1,plant-variety-regulations-2025:pvpr-01-01；plant-variety-regulations-2025:pvpr-01-02；plant-variety-regulations-2025:pvpr-01-04；plant-variety-regulations-2025:pvpr-02-04,植物新品种,,
中止审查,中止审查,,high,4,1,trademark-exam-guide-2021:tmeg-03-01-01-07-02；trademark-exam-guide-2021:tmeg-03-02-01-10；trademark-exam-guide-2021:tmeg-03-02-02-08；trademark-exam-guide-2021:tmeg-03-03-07,在审查过程中出现以下情形的，可以中止审查,,
重缴,重缴,,high,4,2,examination-guideline:05-02-04；trademark-exam-guide-2021:tmeg-05-02-04-01；trademark-exam-guide-2021:tmeg-05-02-04-02-01；trademark-exam-guide-2021:tmeg-05-02-04-02-02,多缴、重缴、错缴专利费用的,,
著录事项变更费,著录事项变更费,著录项目变更手续费,high,4,2,examination-guideline:01-01-06-07；examination-guideline:05-02-01；implementation-rules:rule-10-01；implementation-rules:rule-10-07,应当缴纳著录事项变更费，即著录项目变更手续费,,
专利申请权,专利申请权,,high,4,3,examination-guideline:05-08-01-03；implementation-rules:rule-08-08；patent-law:law-01-10；patent-law:law-01-14,专利申请权、专利权的转移,,
专利实施许可合同,专利实施许可合同,实施许可合同,high,4,2,implementation-rules:rule-01-15；implementation-rules:rule-09-01；patent-law:law-01-12；patent-law:law-05-06,专利权人与他人订立的专利实施许可合同,,
组件产品,组件产品,,high,4,2,examination-guideline:01-03-04-02；examination-guideline:01-03-09；examination-guideline:04-05-05；infringement-guide:infr-04,对于组装关系唯一的组件产品，应当提交组合状态的产品视图,,
版式设计,版式设计,,high,3,2,copyright-law-2020:cpl-05-03；copyright-law-2020:cpl-05-04；copyright-law-rules-2013:cplr-26,版式设计,,
保密义务,保密义务,,high,3,2,anti-monopoly-law-2022:aml-06-04；anti-unfair-competition-2025:aucl-02-04；anti-unfair-competition-2025:aucl-03-04,依法负有保密义务,,
标准名称,标准名称,,high,3,1,trademark-exam-guide-2021:tmeg-02-01-02；trademark-exam-guide-2021:tmeg-02-01-03；trademark-exam-guide-2021:tmeg-02-01-05,商品和服务项目名称为标准名称,,
补充证据材料,补充证据材料,,high,3,1,trademark-exam-guide-2021:tmeg-01-03-05-01；trademark-exam-guide-2021:tmeg-01-04-05-01；trademark-exam-guide-2021:tmeg-01-04-05-02,异议补充证据材料分为异议申请补充证据材料和异议答辩补充证据材料,,
不可抗拒的事由,不可抗拒的事由,,high,3,3,examination-guideline:03-01-02；ic-layout-regulations-2026:icld-03-15；implementation-rules:rule-01-06,如果申请人提出耽误上述期限是由于不可抗拒的事由造成的,,
部分注销,部分注销,,high,3,1,trademark-exam-guide-2021:tmeg-03-02-01-09-01；trademark-exam-guide-2021:tmeg-03-02-05-03；trademark-exam-guide-2021:tmeg-04-06-07-02,办理注销（部分注销）,,
撤销连续三年不使用注册商标申请,撤销连续三年不使用注册商标申请,撤三申请,high,3,1,trademark-exam-guide-2021:tmeg-01-05-01-02；trademark-exam-guide-2021:tmeg-01-05-01-09-02；trademark-exam-guide-2021:tmeg-01-05-01-09-03,撤销连续三年不使用注册商标申请（以下简称撤三申请）,,
独创性声明,独创性声明,,high,3,1,ic-layout-regulations-2026:icld-03-04；ic-layout-regulations-2026:icld-03-06；ic-layout-regulations-2026:icld-04-01,布图设计的独创性声明,,
恶意商标注册申请,恶意商标注册申请,,high,3,1,trademark-exam-guide-2021:tmeg-06-01-01-02；trademark-exam-guide-2021:tmeg-06-01-02-01-01；trademark-exam-guide-2021:tmeg-06-01-02-02,不以使用为目的的恶意商标注册申请,,
恶意注册,恶意注册,,high,3,1,trademark-exam-guide-2021:tmeg-06-10-04；trademark-exam-guide-2021:tmeg-06-10-05-07；trademark-exam-guide-2021:tmeg-06-19-04-01,对恶意注册的，驰名商标所有人不受五年的时间限制,,
发明名称,发明名称,,high,3,2,chemistry-drafting-rules:chem-01-01-02；chemistry-drafting-rules:chem-01-04-01；examination-guideline:01-01-04-01,说明书中发明名称应当居中显示，不得加粗,,
发明信息,发明信息,,high,3,1,examination-guideline:01-04-02；examination-guideline:01-04-04-01；examination-guideline:01-04-07,发明信息是专利申请的全部文本,,
妨害公共利益,妨害公共利益,,high,3,2,chemistry-drafting-rules:chem-01-05-04；examination-guideline:01-03-06；examination-guideline:02-01-03,否则有可能不符合A5的规定（妨害公共利益）,,
非职务发明创造,非职务发明创造,非职务发明,high,3,2,patent-law:law-01-06；patent-law:law-01-07；examination-guideline:01-01-04-01,非职务发明创造，申请专利的权利属于发明人或者设计人,,
服务商标,服务商标,,high,3,1,trademark-exam-guide-2021:tmeg-02-01-01；trademark-exam-guide-2021:tmeg-06-09-02；trademark-exam-guide-2021:tmeg-06-09-07-05-06-03,指定使用在服务上的商标为服务商标,,
付酬标准,付酬标准,,high,3,2,copyright-law-2020:cpl-03-01；copyright-law-2020:cpl-03-05；copyright-law-rules-2013:cplr-22,付酬标准,,
附图说明,附图说明,,high,3,3,examination-guideline:02-02-02-02；implementation-rules:rule-02-04；mechanical-drafting-rules:mech-02-03-04,说明书有附图的，应当写明各幅附图的图名，并且对图示的内容作简要说明,,
高分子化合物,高分子化合物,,high,3,2,chemistry-drafting-rules:chem-01-03-01；chemistry-drafting-rules:chem-01-05-01；examination-guideline:02-10-03,对于高分子化合物发明，可以采用结构和/或组成特征来表征,,
公众知晓的外国地名,公众知晓的外国地名,,high,3,1,trademark-exam-guide-2021:tmeg-06-03-02-01-09；trademark-exam-guide-2021:tmeg-06-03-02-02-09-02；trademark-exam-guide-2021:tmeg-06-09-04,是指我国公众知晓的我国以外的其他国家或地区的地名,,
国际商标异议答辩通知书,国际商标异议答辩通知书,基于异议的临时驳回通知；NOTIFICATION OF PROVISIONAL REFUSAL BASED ON AN OPPOSITION,high,3,1,trademark-exam-guide-2021:tmeg-04-03-02-06；trademark-exam-guide-2021:tmeg-04-03-03-01；trademark-exam-guide-2021:tmeg-04-03-03-02,即《国际商标异议答辩通知书》,,
国际外观设计分类法,国际外观设计分类法,洛迦诺分类法；国际外观设计分类表,high,3,1,examination-guideline:01-03-04-01；examination-guideline:01-03-09；examination-guideline:01-03-12,专利局采用国际外观设计分类法（即洛迦诺分类法）对外观设计专利申请进行分类,,
国际注册转国内申请,国际注册转国内申请,,high,3,1,trademark-exam-guide-2021:tmeg-04-05-01-02；trademark-exam-guide-2021:tmeg-04-05-01-03；trademark-exam-guide-2021:tmeg-04-05-01-05,国际注册转国内申请的，应符合下列条件,,
国家名称,国家名称,,high,3,1,trademark-exam-guide-2021:tmeg-06-03-02-01-01；trademark-exam-guide-2021:tmeg-06-03-02-02-07-02-04；trademark-exam-guide-2021:tmeg-06-03-02-02-08-02-03,“国家名称”包括全称、简称和缩写,,
海牙协定,海牙协定,工业品外观设计国际注册海牙协定日内瓦文本；工业品外观设计国际注册海牙协定,high,3,2,examination-guideline:06-01-01；examination-guideline:06-02-01；implementation-rules:rule-12-01,工业品外观设计国际注册海牙协定日内瓦文本（以下简称海牙协定）,,
疾病的诊断方法,疾病的诊断方法,诊断方法,high,3,2,chemistry-drafting-rules:chem-01-05-06；examination-guideline:02-01-04-03；examination-guideline:02-11-02,疾病的诊断方法（识别、研究和确定有生命的人体或动物体病因或病灶状态的方法）,,
疾病的治疗方法,疾病的治疗方法,治疗方法,high,3,2,chemistry-drafting-rules:chem-01-05-06；examination-guideline:02-01-04-03；examination-guideline:02-11-02,疾病的治疗方法（阻断、缓解或者消除病因或病灶的方法,,
计算机软件,计算机软件,,high,3,1,copyright-law-2020:cpl-01-03；copyright-law-2020:cpl-05-11；copyright-law-2020:cpl-06-03,计算机软件,,
技术措施,技术措施,,high,3,1,copyright-law-2020:cpl-05-01；copyright-law-2020:cpl-05-02；copyright-law-2020:cpl-05-05,本法所称的技术措施，是指用于防止、限制未经权利人许可浏览、欣赏作品,,
技术缺陷,技术缺陷,,high,3,2,chemistry-drafting-rules:chem-01-04-03；chemistry-drafting-rules:chem-02-03-02；mechanical-drafting-rules:mech-01-03-03,应当写明以发明人角度出发认为相关技术中存在的技术缺陷,,
检索报告,检索报告,,high,3,1,examination-guideline:02-07-01；examination-guideline:02-07-12；examination-guideline:05-04-05,检索的结果应当记载在检索报告中,,
检索分卡,检索分卡,,high,3,1,trademark-exam-guide-2021:tmeg-02-02-03；trademark-exam-guide-2021:tmeg-02-02-10-01；trademark-exam-guide-2021:tmeg-02-02-10-02,文字检索分卡分为汉字、拼音、英文、意译、字头、数字六种类型,,
举证期限,举证期限,,high,3,1,examination-guideline:04-03-04；examination-guideline:04-08-02；examination-guideline:04-08-03,举证期限,,
开放式权利要求,开放式权利要求,开放式的权利要求,high,3,3,chemistry-drafting-rules:chem-01-03-02；examination-guideline:02-02-03-03；mechanical-drafting-rules:mech-01-02-01,开放式的权利要求提倡采用“包含”、“包括”、“主要由…… 组成”的表达方式,,
类似服务,类似服务,,high,3,1,trademark-exam-guide-2021:tmeg-06-01-03-04；trademark-exam-guide-2021:tmeg-06-05-03-01；trademark-exam-guide-2021:tmeg-06-12-02-05-01,类似服务是指在服务的目的、内容、方式、对象等方面相同或有密切联系的服务,,
垄断协议,垄断协议,,high,3,1,anti-monopoly-law-2022:aml-01-03；anti-monopoly-law-2022:aml-02-01；anti-monopoly-law-2022:aml-07-01,经营者达成垄断协议,,
录音制作者,录音制作者,,high,3,2,copyright-law-2020:cpl-04-03-01；copyright-law-2020:cpl-04-04-01；copyright-law-rules-2013:cplr-05,录音制作者使用他人已经合法录制为录音制品,,
马德里商标国际注册异议申请书,马德里商标国际注册异议申请书,,high,3,1,trademark-exam-guide-2021:tmeg-04-03-02-03；trademark-exam-guide-2021:tmeg-04-03-02-05-01；trademark-exam-guide-2021:tmeg-04-03-04-01,马德里商标国际注册异议申请书,,
明显错误,明显错误,,high,3,2,examination-guideline:01-02-08；examination-guideline:02-08-04-13；trademark-exam-guide-2021:tmeg-03-01-04-05,不正确的内容可以从原说明书、权利要求书的上下文中清楚地判断出来,,
拼音分卡,拼音分卡,,high,3,1,trademark-exam-guide-2021:tmeg-02-02-03；trademark-exam-guide-2021:tmeg-02-02-04-01；trademark-exam-guide-2021:tmeg-02-02-05,拼音分卡：FENG YUN PIAO；FENGYUN；PIAO,,
其他不正当手段,其他不正当手段,,high,3,1,trademark-exam-guide-2021:tmeg-06-01-02-01-01；trademark-exam-guide-2021:tmeg-06-16-02-02-02-01；trademark-exam-guide-2021:tmeg-06-16-02-02-02-02,以欺骗手段或者其他不正当手段取得注册的商标,,
企业名称,企业名称,,high,3,1,trademark-exam-guide-2021:tmeg-03-02-01-07；trademark-exam-guide-2021:tmeg-06-03-02-02-07-02-05；trademark-exam-guide-2021:tmeg-06-16-02-02-02-02,含有企业名称全称、部分名称或简称的商标,,
缺席审理,缺席审理,,high,3,2,examination-guideline:04-04-03；examination-guideline:04-04-09；implementation-rules:rule-04-10,专利权人不参加口头审理的，可以缺席审理,,
商标评审,商标评审,,high,3,1,trademark-exam-guide-2021:tmeg-01-04-02；trademark-exam-guide-2021:tmeg-05-02-01；trademark-exam-guide-2021:tmeg-06-01-02-04,商标评审是指商标注册部门依据《商标法》的相关规定审理有关商标争议事宜,,
商标相同,商标相同,,high,3,1,trademark-exam-guide-2021:tmeg-06-01-03-03；trademark-exam-guide-2021:tmeg-06-05-03-01；trademark-exam-guide-2021:tmeg-07,商标相同是指两商标在视觉效果上或者声音商标在听觉感知上完全相同或基本无差别,,
商标注册申请,商标注册申请,,high,3,1,trademark-exam-guide-2021:tmeg-01-04-03-03；trademark-exam-guide-2021:tmeg-03-01-02-03；trademark-exam-guide-2021:tmeg-03-02-01-04,申请人不得以评审申请的形式提交商标注册申请,,
摄影作品,摄影作品,,high,3,2,copyright-law-2020:cpl-01-03；copyright-law-2020:cpl-06-04；copyright-law-rules-2013:cplr-04,摄影作品,,
申请号,申请号,,high,3,3,examination-guideline:05-03-02；implementation-rules:rule-03-02；plant-variety-regulations-2025:pvpr-04-06,按照专利申请的类别和专利申请的先后顺序给出相应的专利申请号,,
审查基础声明,审查基础声明,审查基础文本声明,high,3,1,examination-guideline:01-02-15；examination-guideline:03-01-03；examination-guideline:03-02-03,作为审查基础的文本以审查基础声明中指明的为准,,
审查决定,审查决定,,high,3,2,examination-guideline:04-01-06；examination-guideline:04-04-07；trademark-exam-guide-2021:tmeg-01-05-01-09-03,审查决定通常包括下列部分内容,,
生产地域范围,生产地域范围,,high,3,1,trademark-exam-guide-2021:tmeg-06-09-07-05-03；trademark-exam-guide-2021:tmeg-06-09-07-05-05；trademark-exam-guide-2021:tmeg-06-09-07-05-08-03,生产地域范围：晋州市的马于镇、总十庄镇、东里庄镇境内,,
视为送达,视为送达,,high,3,1,trademark-exam-guide-2021:tmeg-01-01-04-03-01-01-02；trademark-exam-guide-2021:tmeg-01-05-01-04-03；trademark-exam-guide-2021:tmeg-05-03-01-03,送达商标代理机构视为送达当事人,,
收到日,收到日,,high,3,2,examination-guideline:05-03-02；examination-guideline:06-01-02；trademark-exam-guide-2021:tmeg-05-01-04-01,记录受理部门收到申请文件的日期,,
授予专利权通知,授予专利权通知,授予实用新型专利权通知；授予专利权的通知书,high,3,1,examination-guideline:01-02-03；examination-guideline:02-08-06；examination-guideline:05-09-01,审查员应当作出授予实用新型专利权通知,,
送达公告,送达公告,,high,3,1,trademark-exam-guide-2021:tmeg-01-05-01-04-03；trademark-exam-guide-2021:tmeg-05-06-01；trademark-exam-guide-2021:tmeg-05-06-02,商标注册部门刊登送达公告，自公告之日起30日视为送达,,
特定关系,特定关系,,high,3,1,trademark-exam-guide-2021:tmeg-06-02-05-03-06；trademark-exam-guide-2021:tmeg-06-02-05-05-10；trademark-exam-guide-2021:tmeg-06-12-02-02,与申请人存在特定关系的自然人、法人或者其他组织,,
特定品质,特定品质,,high,3,1,trademark-exam-guide-2021:tmeg-06-09-07-05-06-02；trademark-exam-guide-2021:tmeg-06-09-07-05-08-01；trademark-exam-guide-2021:tmeg-06-09-07-05-08-02,绍兴黄酒的特定品质是由鉴湖水及独特的生产工艺所决定的,,
特异性,特异性,,high,3,1,plant-variety-regulations-2025:pvpr-01-02；plant-variety-regulations-2025:pvpr-03-03；plant-variety-regulations-2025:pvpr-05-03,新颖性、特异性、一致性、稳定性和适当命名的植物品种,,
稳定性,稳定性,,high,3,1,plant-variety-regulations-2025:pvpr-01-02；plant-variety-regulations-2025:pvpr-03-05；plant-variety-regulations-2025:pvpr-05-03,新颖性、特异性、一致性、稳定性和适当命名的植物品种,,
显而易见,显而易见,,high,3,2,examination-guideline:02-09-06-02；oa-response-guide:oa-02-02；oa-response-guide:oa-02-03,要求保护的发明技术方案相对于对比文件1和对比文件2的结合是显而易见的,,
限制性条件,限制性条件,,high,3,1,anti-monopoly-law-2022:aml-04-08；anti-monopoly-law-2022:aml-04-11；anti-monopoly-law-2022:aml-04-12,经营者集中附加的限制性条件,,
相同主题,相同主题,相同主题的发明或者实用新型,high,3,3,implementation-rules:rule-02-19；patent-law:law-03-04；examination-guideline:02-03-04,可以就相同主题提出发明或者实用新型专利申请,,
肖像权,肖像权,,high,3,1,trademark-exam-guide-2021:tmeg-06-14-02-02-05-01；trademark-exam-guide-2021:tmeg-06-14-02-02-05-02；trademark-exam-guide-2021:tmeg-06-14-02-02-08-01,他人肖像权可能造成损害的,,
续展注册,续展注册,,high,3,1,trademark-exam-guide-2021:tmeg-03-02-06-02；trademark-exam-guide-2021:tmeg-03-02-06-03；trademark-exam-guide-2021:tmeg-03-02-06-04,未在期满前十二个月及六个月宽展期内按照规定办理续展注册的,,
学术会议或者技术会议,学术会议或者技术会议,,high,3,3,examination-guideline:01-01-06-03；implementation-rules:rule-02-17；patent-law:law-02-03,国务院有关主管部门或者全国性学术团体组织召开的学术会议或者技术会议,,
延长期限请求,延长期限请求,,high,3,1,examination-guideline:01-02-03；examination-guideline:01-03-03；examination-guideline:05-07-04,可以提出延长期限请求,,
颜色要素编码,颜色要素编码,,high,3,1,trademark-exam-guide-2021:tmeg-02-03-02-05；trademark-exam-guide-2021:tmeg-02-03-02-06；trademark-exam-guide-2021:tmeg-02-03-02-07,按照颜色数量划分颜色要素编码,,
一致性,一致性,,high,3,1,plant-variety-regulations-2025:pvpr-01-02；plant-variety-regulations-2025:pvpr-03-04；plant-variety-regulations-2025:pvpr-05-03,新颖性、特异性、一致性、稳定性和适当命名的植物品种,,
异议期限,异议期限,法定异议期限,high,3,1,trademark-exam-guide-2021:tmeg-01-03-02-01；trademark-exam-guide-2021:tmeg-01-03-03-04-02；trademark-exam-guide-2021:tmeg-04-03-02-01,在法律规定的异议期限内提出,,
意译分卡,意译分卡,,high,3,1,trademark-exam-guide-2021:tmeg-02-02-03；trademark-exam-guide-2021:tmeg-02-02-06；trademark-exam-guide-2021:tmeg-02-02-09,意译分卡：蓝色森林；蓝色；森林,,
优先权转让证明文件,优先权转让证明文件,优先权转让证明材料,high,3,2,examination-guideline:01-01-06-02；examination-guideline:01-03-05；implementation-rules:rule-02-18,提交由在先申请的全体申请人签字或者盖章的优先权转让证明文件,,
原说明书和权利要求书记载的范围,原说明书和权利要求书记载的范围,,high,3,2,examination-guideline:01-02-08；examination-guideline:02-08-05-02；patent-law:law-03-08,对申请文件的修改不得超出原说明书和权利要求书记载的范围,,
在先使用,在先使用,,high,3,1,trademark-exam-guide-2021:tmeg-06-12-02-03；trademark-exam-guide-2021:tmeg-06-15-02-02；trademark-exam-guide-2021:tmeg-06-15-02-03-03,在先使用既包括在实际销售的商品、提供的服务上使用商标,,
在先著作权,在先著作权,,high,3,2,examination-guideline:04-05-07；trademark-exam-guide-2021:tmeg-06-14-02-02-02-01；trademark-exam-guide-2021:tmeg-06-14-02-02-02-02,在先著作权，是指在涉案专利申请日之前，他人通过独立创作完成作品,,
在中国完成的发明或者实用新型,在中国完成的发明或者实用新型,在中国完成的发明；在中国完成的实用新型,high,3,2,implementation-rules:rule-01-08；examination-guideline:01-01-07；examination-guideline:01-02-14,是指技术方案的实质性内容在中国境内完成的发明或者实用新型,,
证明商标使用管理规则,证明商标使用管理规则,,high,3,1,trademark-exam-guide-2021:tmeg-03-02-01-02-03-02；trademark-exam-guide-2021:tmeg-06-09-07-03-02-02；trademark-exam-guide-2021:tmeg-06-09-07-03-02-03,加盖受让人公章转让后的证明商标使用管理规则,,
证人证言,证人证言,,high,3,2,examination-guideline:04-08-04；ip-evidence-rules-2020:ipev-09；ip-evidence-rules-2020:ipev-27,证人应当陈述其亲历的具体事实,,
指定期限,指定期限,,high,3,2,examination-guideline:05-07-01；examination-guideline:06-02-06-03；trademark-exam-guide-2021:tmeg-05-01-06-01,指定期限是指审查员在根据专利法及其实施细则作出的各种通知中,,
主合同,主合同,,high,3,1,trademark-exam-guide-2021:tmeg-03-02-03-02-02；trademark-exam-guide-2021:tmeg-03-02-03-02-03；trademark-exam-guide-2021:tmeg-03-02-03-05,主合同和注册商标专用权质权合同,,
主体资格,主体资格,,high,3,1,trademark-exam-guide-2021:tmeg-01-03-02-01；trademark-exam-guide-2021:tmeg-01-03-06-01；trademark-exam-guide-2021:tmeg-06-09-07-05-02,异议人应符合《商标法》第三十三条规定的主体资格要求,,
著录项目变更申报书,著录项目变更申报书,,high,3,1,examination-guideline:01-01-06-07；examination-guideline:03-01-05-10；examination-guideline:05-01-07,办理著录项目变更手续应当提交著录项目变更申报书,,
专利标识,专利标识,,high,3,2,implementation-rules:rule-08-05；implementation-rules:rule-08-07；patent-law:law-01-16,在其专利产品或者该产品的包装上标明专利标识的,,
专有出版权,专有出版权,,high,3,2,copyright-law-2020:cpl-04-01-02；copyright-law-2020:cpl-05-05；copyright-law-rules-2013:cplr-28,专有出版权受法律保护，他人不得出版该作品,,
专有使用权,专有使用权,,high,3,2,copyright-law-2020:cpl-03-01；copyright-law-rules-2013:cplr-23；copyright-law-rules-2013:cplr-24,专有使用权,,
按需认定原则,按需认定原则,,high,2,1,trademark-exam-guide-2021:tmeg-06-10-05-02-03；trademark-exam-guide-2021:tmeg-07,商标注册部门无须对当事人商标是否驰名进行认定。,,
备案撤销,备案撤销,,high,2,1,customs-ip-protection-2018:cusr-02-03；customs-ip-protection-2018:cusr-02-05,未如实提供有关情况或者文件的，海关总署可以撤销其备案,,
变更证明,变更证明,,high,2,1,trademark-exam-guide-2021:tmeg-03-01-01-02-02-01；trademark-exam-guide-2021:tmeg-03-01-01-06-04,变更证明可以是登记机关变更核准文件复印件或登记机关官方网站下载打印的相关档案,,
表演者权,表演者权,表演者的权利,high,2,1,copyright-law-2020:cpl-04-02-02；copyright-law-2020:cpl-04-02-04,表演者对其表演享有下列权利,,
部分转让,部分转让,,high,2,1,trademark-exam-guide-2021:tmeg-04-02-05-04；trademark-exam-guide-2021:tmeg-04-06-04-04,部分转让申请，仅可涉及单个国际注册号,,
查询时效,查询时效,,high,2,1,examination-guideline:05-02-05；examination-guideline:05-03-06,查询时效为一年，自汇出费用之日起算,,
产品的形状,产品的形状,形状,high,2,1,examination-guideline:01-02-06；examination-guideline:01-03-07,产品所具有的、可以从外部观察到的确定的空间形状,,
产权激励,产权激励,,high,2,2,implementation-rules:rule-07-01；patent-law:law-01-15,鼓励被授予专利权的单位实行产权激励,,
撤回评审申请,撤回评审申请,,high,2,1,trademark-exam-guide-2021:tmeg-01-04-03-05-04；trademark-exam-guide-2021:tmeg-01-04-07,自愿撤回评审申请,,
撤销复审,撤销复审,撤销复审案件,high,2,1,trademark-exam-guide-2021:tmeg-01-04-02；trademark-exam-guide-2021:tmeg-01-04-03-03,撤销复审,,
初步证据,初步证据,,high,2,2,anti-unfair-competition-2025:aucl-04-18；ip-evidence-rules-2020:ipev-11,提供初步证据,,
答辩通知书,答辩通知书,,high,2,1,trademark-exam-guide-2021:tmeg-01-04-04-02；trademark-exam-guide-2021:tmeg-01-05-02-05,答辩通知书,,
代理人,代理人,,high,2,1,trademark-exam-guide-2021:tmeg-06-11-02-02；trademark-exam-guide-2021:tmeg-06-11-02-03-01,商标所有人的代理人或者代表人,,
地名具有其他含义,地名具有其他含义,,high,2,1,trademark-exam-guide-2021:tmeg-06-03-02-01-09；trademark-exam-guide-2021:tmeg-06-09-04,是指地名作为词汇具有确定含义且该含义强于作为地名的含义,,
等同特征,等同特征,,high,2,2,examination-guideline:02-07-05；infringement-guide:infr-02-03,等同特征是指与所记载的技术特征相比，以基本相同的手段，实现基本相同的功能，达到基,,
电影作品和以类似摄制电影的方法创作的作品,电影作品和以类似摄制电影的方法创作的作品,,high,2,1,copyright-law-rules-2013:cplr-04；copyright-law-rules-2013:cplr-10,电影作品和以类似摄制电影的方法创作的作品，是指摄制在一定介质上,,
电子发文,电子发文,,high,2,1,trademark-exam-guide-2021:tmeg-05-02-03；trademark-exam-guide-2021:tmeg-05-07-04,接受电子发文的商标业务,,
对比例,对比例,,high,2,1,chemistry-drafting-rules:chem-01-04-06；chemistry-drafting-rules:chem-02-03-03,只有不能落入独立权利要求的保护范围的才能理解为对比例,,
恶意抢先注册,恶意抢先注册,,high,2,1,trademark-exam-guide-2021:tmeg-06-11-02-01；trademark-exam-guide-2021:tmeg-06-12-02-01,恶意抢先注册行为的禁止性规定,,
发明构思,发明构思,,high,2,2,chemistry-drafting-rules:chem-02-02；oa-response-guide:oa-03-01,尽可能保护发明构思,,
发明专利申请公布,发明专利申请公布,,high,2,2,examination-guideline:05-08-01-02；patent-law:law-01-13,自申请日（有优先权的，为优先权日）起满十八个月，即行公布,,
仿制药申请人,仿制药申请人,药品上市许可申请人,high,2,2,examination-guideline:04-03-09；patent-law:law-07-13,药品上市许可申请人（又称仿制药申请人）,,
放弃专利权,放弃专利权,书面声明放弃其专利权,high,2,2,examination-guideline:05-09-04；patent-law:law-05-03,授予专利权后，专利权人随时可以主动要求放弃专利权,,
非治疗目的的外科手术方法,非治疗目的的外科手术方法,,high,2,2,chemistry-drafting-rules:chem-01-05-07；examination-guideline:02-05,非治疗目的的外科手术方法，例如，为美容而实施的外科手术方法,,
负责专利执法的部门,负责专利执法的部门,,high,2,1,patent-law:law-07-05；patent-law:law-07-06,由负责专利执法的部门责令改正并予公告,,
附加信息,附加信息,,high,2,1,examination-guideline:01-04-02；examination-guideline:01-04-07,附加信息本身不代表对现有技术的贡献，而是对检索可能是有用的信息,,
复审类案件,复审类案件,,high,2,1,trademark-exam-guide-2021:tmeg-01-04-02；trademark-exam-guide-2021:tmeg-01-04-03-04-06,驳回复审、不予注册复审、无效宣告复审、撤销复审案件为复审类案件,,
复制,复制,,high,2,2,ic-layout-regulations-2026:icld-01-03；trademark-exam-guide-2021:tmeg-06-10-05-05-01,是指重复制作布图设计或者含有该布图设计的集成电路的行为,,
公开原则,公开原则,,high,2,1,examination-guideline:04-01-02；examination-guideline:05-11-02,其他各种案件的口头审理应当公开举行，审查决定应当公开,,
公平竞争审查制度,公平竞争审查制度,公平竞争审查,high,2,2,anti-monopoly-law-2022:aml-01-05；anti-unfair-competition-2025:aucl-01-03,国家建立健全公平竞争审查制度,,
公证文书,公证文书,,high,2,2,examination-guideline:04-08-04；ip-evidence-rules-2020:ipev-30,一方当事人将公证文书作为证据提交时，有效公证文书所证明的事实,,
公众不能得到的生物材料,公众不能得到的生物材料,,high,2,2,chemistry-drafting-rules:chem-01-05-09；examination-guideline:02-10-09-02,“公众不能得到的生物材料” 包括：个人或单位拥有的、由非专利程序的保藏机构保藏,,
公众人物姓名,公众人物姓名,,high,2,1,trademark-exam-guide-2021:tmeg-06-03-02-02-07-02-06；trademark-exam-guide-2021:tmeg-06-03-02-02-08-03-11,姓名包括户籍登记中使用的姓名，也包括别名、笔名、艺名、雅号、绰号等,,
国际变更,国际变更,,high,2,1,trademark-exam-guide-2021:tmeg-04-06-01-02-01；trademark-exam-guide-2021:tmeg-04-06-01-02-02,申请国际变更的商标为有效商标,,
国际注册代替国内注册加注申请,国际注册代替国内注册加注申请,,high,2,1,trademark-exam-guide-2021:tmeg-04-05-02-02；trademark-exam-guide-2021:tmeg-04-05-02-04,国际注册代替国内注册加注申请应委托依法设立的中国商标代理机构,,
国家阶段,国家阶段,,high,2,1,examination-guideline:03-01-01；examination-guideline:03-01-05-09,向专利局办理进入中国国家阶段（以下简称国家阶段）的手续,,
合法原则,合法原则,,high,2,1,examination-guideline:04-01-02；examination-guideline:05-11-02,复审和无效审理部应当依法行政,,
混淆行为,混淆行为,,high,2,1,anti-unfair-competition-2025:aucl-02-01；anti-unfair-competition-2025:aucl-04-02,经营者不得实施下列混淆行为，引人误认为是他人商品或者与他人存在特定联系,,
基本检索要素,基本检索要素,,high,2,1,examination-guideline:02-07-05；examination-guideline:02-07-06,基本检索要素是体现技术方案的基本构思的可检索的要素,,
集体组织,集体组织,集体性的组织,high,2,1,trademark-exam-guide-2021:tmeg-06-09-07-03-01-01；trademark-exam-guide-2021:tmeg-06-09-07-03-01-02,其申请注册主体应当是集体组织,,
监督能力,监督能力,,high,2,1,trademark-exam-guide-2021:tmeg-06-09-07-03-02-01；trademark-exam-guide-2021:tmeg-06-09-07-03-02-04,对所申请的商品或者服务的特定品质具有监督能力的组织,,
建筑作品,建筑作品,,high,2,2,copyright-law-2020:cpl-01-03；copyright-law-rules-2013:cplr-04,建筑作品,,
仅直接表示,仅直接表示,,high,2,1,trademark-exam-guide-2021:tmeg-06-04-02-01-02；trademark-exam-guide-2021:tmeg-06-04-02-02-02-01,“仅直接表示”是指申请商标仅由对指定商品或者服务的质量,,
进一步限定的技术特征,进一步限定的技术特征,,high,2,2,chemistry-drafting-rules:chem-01-03-03；mechanical-drafting-rules:mech-01-02-03,当附加的技术特征为进一步限定的技术特征时,,
科学研究和实验例外,科学研究和实验例外,专为科学研究和实验,high,2,2,patent-law:law-07-12；infringement-guide:infr-06-04,专为科学研究和实验而使用有关专利的,,
口述作品,口述作品,,high,2,2,copyright-law-2020:cpl-01-03；copyright-law-rules-2013:cplr-04,口述作品,,
滥用市场支配地位,滥用市场支配地位,,high,2,1,anti-monopoly-law-2022:aml-01-07；anti-monopoly-law-2022:aml-03-01,不得滥用市场支配地位,,
类别标题,类别标题,,high,2,1,trademark-exam-guide-2021:tmeg-02-01-02；trademark-exam-guide-2021:tmeg-02-01-03,类别标题指出了归入本类的商品或者服务项目范围,,
类别注释,类别注释,,high,2,1,trademark-exam-guide-2021:tmeg-02-01-02；trademark-exam-guide-2021:tmeg-02-01-03,类别注释对本类主要包括及不包括哪些商品或者服务项目作了说明,,
录像制品,录像制品,,high,2,2,copyright-law-2020:cpl-04-04-04；copyright-law-rules-2013:cplr-05,播放他人的录像制品，还应当取得著作权人许可,,
录像制作者,录像制作者,,high,2,2,copyright-law-2020:cpl-04-04-04；copyright-law-rules-2013:cplr-05,视听作品著作权人或者录像制作者许可,,
美术作品,美术作品,,high,2,2,copyright-law-rules-2013:cplr-04；trademark-exam-guide-2021:tmeg-06-14-02-02-02-02,美术作品，是指绘画、书法、雕塑等以线条、色彩或者其他方式构成的,,
民族歧视性,民族歧视性,,high,2,1,trademark-exam-guide-2021:tmeg-06-03-02-01-06；trademark-exam-guide-2021:tmeg-06-03-02-02-06,是指标志中带有对特定民族进行丑化、贬低或者其他不平等看待该民族的内容,,
模型作品,模型作品,,high,2,2,copyright-law-2020:cpl-01-03；copyright-law-rules-2013:cplr-04,模型作品,,
赔偿数额,赔偿数额,,high,2,2,ic-layout-regulations-2026:icld-05-03；patent-law:law-07-02,侵犯布图设计专有权的赔偿数额按照权利人因被侵权所受到的实际损失,,
普通广告宣传用语,普通广告宣传用语,广告用语,high,2,1,trademark-exam-guide-2021:tmeg-06-04-02-01-03；trademark-exam-guide-2021:tmeg-06-04-02-02-03-07,普通广告宣传用语,,
欺骗手段,欺骗手段,,high,2,1,trademark-exam-guide-2021:tmeg-06-16-02-01；trademark-exam-guide-2021:tmeg-06-16-02-02-01,以欺骗手段或者其他不正当手段取得注册商标,,
其他不良影响,其他不良影响,,high,2,1,trademark-exam-guide-2021:tmeg-04-06-04-04；trademark-exam-guide-2021:tmeg-06-03-02-01-08,或产生其他不良影响。,,
侵权获利,侵权获利,侵权人获得的利益,high,2,2,ic-layout-regulations-2026:icld-05-03；patent-law:law-07-08,侵权人因侵权所获得的利益,,
请求原则,请求原则,,high,2,1,examination-guideline:02-08-02；examination-guideline:04-01-02,实质审查程序只有在申请人提出实质审查请求的前提下才能启动,,
全面审查,全面审查,,high,2,1,examination-guideline:02-08-04-07；examination-guideline:02-08-04-08,即审查申请是否符合专利法及其实施细则有关实质方面和形式方面的所有规定,,
三面视图,三面视图,多面视图,high,2,1,trademark-exam-guide-2021:tmeg-01-02-03-01-04-02-01；trademark-exam-guide-2021:tmeg-06-06-04,应当至少包含三面视图（如正视图、侧视图、仰视图、俯视图等）,,
擅自注册被代理人或者被代表人商标,擅自注册被代理人或者被代表人商标,,high,2,1,trademark-exam-guide-2021:tmeg-06-11-02-02；trademark-exam-guide-2021:tmeg-06-11-02-03-02,擅自注册被代理人或者被代表人商标,,
商标代理从业人员,商标代理从业人员,,high,2,1,trademark-exam-guide-2021:tmeg-01-01-04-05-02；trademark-exam-guide-2021:tmeg-05-01-07-02,商标代理从业人员应当在“代理人签字”栏签署其姓名,,
商标名称,商标名称,,high,2,1,trademark-exam-guide-2021:tmeg-02-02-02-01；trademark-exam-guide-2021:tmeg-02-02-02-02,其他类型商标的商标名称按以下原则确定,,
商标专用权质权登记证,商标专用权质权登记证,,high,2,1,trademark-exam-guide-2021:tmeg-03-02-03-03-01；trademark-exam-guide-2021:tmeg-03-02-03-07,商标专用权质权登记证,,
商品商标,商品商标,,high,2,1,trademark-exam-guide-2021:tmeg-02-01-01；trademark-exam-guide-2021:tmeg-06-09-02,指定使用在商品上的商标为商品商标,,
设计人,设计人,,high,2,2,implementation-rules:rule-01-14；patent-law:law-01-06,对发明创造的实质性特点作出创造性贡献的人,,
申请人引起的不合理延迟,申请人引起的不合理延迟,由申请人引起的不合理延迟,high,2,2,examination-guideline:05-09-02；implementation-rules:rule-05-03,以下由申请人引起的不合理延迟，延迟的天数为,,
审查文本,审查文本,审查依据的文本；审查基础的文本,high,2,1,examination-guideline:02-08-04-01；examination-guideline:06-02-04,以最后一次提交的申请文件为审查文本,,
声音商标描述,声音商标描述,商标描述,high,2,1,trademark-exam-guide-2021:tmeg-01-02-03-01-04-04-02；trademark-exam-guide-2021:tmeg-06-08-03,描述应当准确、完整、客观并易于理解,,
实质性派生品种,实质性派生品种,,high,2,1,plant-variety-regulations-2025:pvpr-02-01；plant-variety-regulations-2025:pvpr-02-02,授权品种的实质性派生品种，但该授权品种本身不是实质性派生品种,,
事实认定,事实认定,,high,2,1,oa-response-guide:oa-01-03；oa-response-guide:oa-02-07,事实认定，确定区别技术特征,,
视为未答辩,视为未答辩,,high,2,1,trademark-exam-guide-2021:tmeg-01-03-04-02；trademark-exam-guide-2021:tmeg-01-04-04-02,逾期未补正或未按要求补正的，视为未答辩,,
收寄日,收寄日,,high,2,1,trademark-exam-guide-2021:tmeg-01-03-03-01-02；trademark-exam-guide-2021:tmeg-05-01-05-02,以快递企业收寄日为准,,
数据电文方式,数据电文方式,,high,2,1,trademark-exam-guide-2021:tmeg-01-01-04-01；trademark-exam-guide-2021:tmeg-05-01-02-02,以数据电文方式提出申请的，应当按照规定通过互联网提交,,
数据电文方式送达,数据电文方式送达,,high,2,1,trademark-exam-guide-2021:tmeg-01-04-03-02-01；trademark-exam-guide-2021:tmeg-05-03-01-01-03,以数据电文方式送达的，自文件发出之日起满十五日视为送达,,
提前公布,提前公布,,high,2,2,examination-guideline:05-08-01-02；patent-law:law-04-01,要求提前公布其专利申请的，自提前公布请求合格之日起进行公布准备,,
通式,通式,化学通式,high,2,1,examination-guideline:01-04-08；examination-guideline:02-10-05,通式不能破坏该通式中一个具体化合物的新颖性,,
同样的发明或者实用新型,同样的发明或者实用新型,,high,2,2,examination-guideline:02-03-03；oa-response-guide:oa-01-02,则认为两者为同样的发明或者实用新型,,
同样的外观设计,同样的外观设计,,high,2,1,examination-guideline:01-03-11；examination-guideline:04-05-05,同样的外观设计是指两项外观设计相同或者实质相同。,,
同一种服务,同一种服务,,high,2,1,trademark-exam-guide-2021:tmeg-06-01-03-04；trademark-exam-guide-2021:tmeg-06-05-03-01,同一种服务是指名称相同的服务，或者名称不同但在服务的目的、内容、方式、对象,,
同一种商品,同一种商品,,high,2,1,trademark-exam-guide-2021:tmeg-06-01-03-04；trademark-exam-guide-2021:tmeg-06-05-03-01,同一种商品是指名称相同的商品，或者名称不同但在功能、用途、主要原料、生产部门,,
图形作品,图形作品,,high,2,2,copyright-law-2020:cpl-01-03；copyright-law-rules-2013:cplr-04,图形作品,,
退件,退件,,high,2,2,examination-guideline:05-06-03；trademark-exam-guide-2021:tmeg-05-03-02-01,邮寄退回的通知和决定由发文部门作计算机登录,,
外国的国家名称,外国的国家名称,,high,2,1,trademark-exam-guide-2021:tmeg-06-03-02-01-02；trademark-exam-guide-2021:tmeg-06-03-02-02-02-01,“外国的国家名称”包括中文和外文的全称、简称和缩写,,
未实施或者未充分实施,未实施或者未充分实施,未充分实施其专利,high,2,2,patent-law:law-06-06；implementation-rules:rule-06-05,无正当理由未实施或者未充分实施其专利的,,
文件不受理通知书,文件不受理通知书,不受理通知书,high,2,1,examination-guideline:05-03-02；examination-guideline:05-03-03,专利局发出文件不受理通知书,,
文字作品,文字作品,,high,2,2,copyright-law-2020:cpl-01-03；copyright-law-rules-2013:cplr-04,文字作品,,
无效宣告案件,无效宣告案件,,high,2,2,examination-guideline:04-01-02；trademark-exam-guide-2021:tmeg-06-04-02-01-04,无效宣告请求案件（简称无效宣告案件）,,
无效宣告程序的终止,无效宣告程序的终止,无效宣告请求审查程序终止,high,2,2,examination-guideline:04-03-08；implementation-rules:rule-04-12,撤回其无效宣告请求的，无效宣告程序终止,,
无效宣告复审,无效宣告复审,无效宣告复审案件,high,2,1,trademark-exam-guide-2021:tmeg-01-04-02；trademark-exam-guide-2021:tmeg-01-04-03-03,无效宣告复审,,
无效宣告请求审查通知书,无效宣告请求审查通知书,,high,2,2,examination-guideline:04-03-04；implementation-rules:rule-04-08,合议组可以向双方当事人发出无效宣告请求审查通知书,,
五人合议组,五人合议组,,high,2,1,examination-guideline:04-01-03；examination-guideline:04-01-06,对下列案件，应当组成五人合议组,,
县级以上行政区划的地名,县级以上行政区划的地名,,high,2,1,trademark-exam-guide-2021:tmeg-06-03-02-02-07-02-02；trademark-exam-guide-2021:tmeg-06-09-04,我国县级以上行政区划的地名,,
限定部分,限定部分,,high,2,2,implementation-rules:rule-02-09；infringement-guide:infr-01-03,限定部分：写明发明或者实用新型附加的技术特征,,
肖像,肖像,,high,2,1,trademark-exam-guide-2021:tmeg-06-03-02-02-07-02-06；trademark-exam-guide-2021:tmeg-06-14-02-02-05-01,与公众人物姓名、肖像等相同或者近似,,
新产品,新产品,,high,2,2,infringement-guide:infr-05-01；ip-evidence-rules-2020:ipev-03,是指在国内外第一次生产出的产品，该产品与专利申请日之前已有的同类产品相比,,
信息网络传播权,信息网络传播权,,high,2,1,copyright-law-2020:cpl-02-01-02；copyright-law-2020:cpl-06-03,信息网络传播权，即以有线或者无线方式向公众提供,,
形式审查合格,形式审查合格,,high,2,1,trademark-exam-guide-2021:tmeg-01-01-03-01；trademark-exam-guide-2021:tmeg-01-02-04-01,包括经过补正符合形式审查要求的商标申请，应当认为形式审查合格,,
业务往来关系,业务往来关系,,high,2,1,trademark-exam-guide-2021:tmeg-06-12-02-01；trademark-exam-guide-2021:tmeg-06-12-02-04-01,合同、业务往来关系,,
一个总的发明构思,一个总的发明构思,,high,2,2,implementation-rules:rule-02-23；patent-law:law-03-06,属于一个总的发明构思的两项以上的发明或者实用新型,,
医生处方,医生处方,,high,2,1,examination-guideline:02-10-07；examination-guideline:02-11-06,医生处方，指医生根据具体病人的病情所开的药方,,
依照专利方法直接获得的产品,依照专利方法直接获得的产品,依照该专利方法直接获得的产品,high,2,2,infringement-guide:infr-05-01；patent-law:law-01-11,依照专利方法直接获得的产品，是指将原材料、物品按照方法专利权利要求记载的全部,,
异议人变更,异议人变更,,high,2,1,trademark-exam-guide-2021:tmeg-01-03-06-01；trademark-exam-guide-2021:tmeg-01-03-06-02-03,由第三人承继异议人主体地位、参加后续异议程序并承担相应后果,,
引得码,引得码,,high,2,1,examination-guideline:01-04-02；examination-guideline:01-04-04-03,其中包括引得码所表示的技术信息,,
引用部分,引用部分,,high,2,2,implementation-rules:rule-02-09；infringement-guide:infr-01-03,引用部分：写明引用的权利要求的编号及其主题名称,,
有奖销售,有奖销售,,high,2,1,anti-unfair-competition-2025:aucl-02-05；anti-unfair-competition-2025:aucl-04-06,经营者进行有奖销售不得存在下列情形,,
有效期,有效期,,high,2,1,trademark-exam-guide-2021:tmeg-04-02-03-03；trademark-exam-guide-2021:tmeg-06-17-06-04-01,马德里国际注册商标的有效期为10年,,
有一定影响的商品或者服务名称、包装、装潢,有一定影响的商品或者服务名称、包装、装潢,,high,2,1,trademark-exam-guide-2021:tmeg-06-14-02-02-07-01；trademark-exam-guide-2021:tmeg-06-14-02-02-07-02,有一定影响的商品或者服务名称、包装、装潢是指，并非仅由功能性形状构成,,
原申请日,原申请日,,high,2,1,implementation-rules:rule-03-05；implementation-rules:rule-03-08,取消对附图的说明的，保留原申请日,,
援引加入声明,援引加入声明,确认援引加入声明,high,2,1,examination-guideline:01-01-04-07；examination-guideline:05-03-02,应当在首次递交专利申请时要求在先申请的优先权，提出援引加入声明,,
展览权,展览权,,high,2,1,copyright-law-2020:cpl-02-01-02；copyright-law-2020:cpl-02-02-10,展览权，即公开陈列美术作品、摄影作品的原件或者复制件的权利,,
整体比对,整体比对,,high,2,1,trademark-exam-guide-2021:tmeg-06-01-03-03；trademark-exam-guide-2021:tmeg-06-05-03-02-01,整体比对是指应当将两商标进行整体的对比，不能以局部代替整体判断,,
证据的真实性,证据的真实性,真实性,high,2,2,examination-guideline:04-08-04；ip-evidence-rules-2020:ipev-09,合议组应当根据案件的具体情况，从以下方面审查证据的真实性,,
政府间国际组织,政府间国际组织,,high,2,1,trademark-exam-guide-2021:tmeg-06-03-02-01-03；trademark-exam-guide-2021:tmeg-06-03-02-02-03,“政府间国际组织”，是指由若干国家和地区的政府为了特定目的,,
政府同意,政府同意,,high,2,1,trademark-exam-guide-2021:tmeg-06-03-02-02-02-01；trademark-exam-guide-2021:tmeg-06-03-02-02-02-02,经该国政府同意的，一般不适用该禁用规定,,
知识产权海关保护,知识产权海关保护,,high,2,1,customs-ip-protection-2018:cusr-01-01；customs-ip-protection-2018:cusr-01-02,知识产权海关保护,,
直接地、毫无疑义地确定,直接地、毫无疑义地确定,,high,2,1,examination-guideline:01-02-08；examination-guideline:01-03-10,所属技术领域的技术人员不能从原说明书和权利要求书中直接地、毫无疑义地确定的内容,,
植物品种,植物品种,,high,2,1,examination-guideline:02-01-04-04；examination-guideline:02-10-09-01,专利法所称的植物品种，是指经过人工选育或者发现并经过改良,,
重新确定申请日,重新确定申请日,,high,2,1,examination-guideline:01-01-04-02；examination-guideline:01-01-04-07,以向专利局提交或者邮寄补交附图之日为申请日,,
主审员,主审员,,high,2,1,examination-guideline:04-01-03；examination-guideline:04-04-05,主审员负责案件的全面审查和案卷的保管，起草审查通知书和审查决定,,
主视图,主视图,,high,2,1,examination-guideline:01-03-04-02；examination-guideline:01-03-04-05,主视图所对应的面应当是使用时通常朝向消费者的面,,
注册商标成为其核定使用商品的通用名称,注册商标成为其核定使用商品的通用名称,,high,2,1,trademark-exam-guide-2021:tmeg-06-17-06-03-01；trademark-exam-guide-2021:tmeg-06-17-06-03-03,注册商标成为其核定使用商品的通用名称,,
注册商标有效期,注册商标有效期,,high,2,1,trademark-exam-guide-2021:tmeg-05-01-06-02-01；trademark-exam-guide-2021:tmeg-06-18-02-02,注册商标有效期从核准注册之日起计算,,
著作权人,著作权人,,high,2,1,copyright-law-2020:cpl-01-04；copyright-law-2020:cpl-02-01-01,著作权人,,
专利权保护范围,专利权保护范围,,high,2,2,infringement-guide:infr-01-02；patent-law:law-07-13,发明或者实用新型专利权的保护范围应当以权利要求记载的技术特征所确定的内容为准,,
专利审查指南,专利审查指南,,high,2,2,implementation-rules:rule-13-04；oa-response-guide:oa-01-04,国务院专利行政部门根据专利法和本细则制定专利审查指南,,
字头分卡,字头分卡,,high,2,1,trademark-exam-guide-2021:tmeg-02-02-06；trademark-exam-guide-2021:tmeg-02-02-07,除划分字头分卡外，整体还应划分英文分卡,,
自行改变注册商标,自行改变注册商标,,high,2,1,trademark-exam-guide-2021:tmeg-06-17-02；trademark-exam-guide-2021:tmeg-06-17-06-02,自行改变注册商标,,
自造字,自造字,,high,2,1,trademark-exam-guide-2021:tmeg-02-02-02-01；trademark-exam-guide-2021:tmeg-02-02-04-03,自造字、非规范汉字，按图形处理,,
作者,作者,,high,2,1,copyright-law-2020:cpl-02-01-01；copyright-law-2020:cpl-02-02-01,作者,,
e类文件,E类文件,,high,2,1,examination-guideline:02-07-12；examination-guideline:03-02-04,E：单独影响权利要求新颖性的抵触申请文件；,,
p类文件,P类文件,,high,2,1,examination-guideline:02-07-12；examination-guideline:03-02-04,P：中间文件，其公开日在申请的申请日与所要求的优先权日之间的文件，或者会导致需要,,
pe类文件,PE类文件,,high,2,1,examination-guideline:02-08-04-06；examination-guideline:03-02-04,即任何单位或者个人在专利局的申请构成PE类文件,,
x类文件,X类文件,,high,2,1,examination-guideline:02-07-08；examination-guideline:02-07-12,构成检索报告中所规定的X类文件或E类文件,,
y类文件,Y类文件,,high,2,1,examination-guideline:02-07-08；examination-guideline:02-07-12,构成检索报告中所规定的Y类文件,,
「驰名商标」字样使用限制,「驰名商标」字样使用限制,,high,1,1,trademark-exam-guide-2021:tmeg-06-10-03,生产、经营者不得将“驰名商标”字样用于商品、商品包装或者容器上,,
版式设计权,版式设计权,,high,1,1,copyright-law-2020:cpl-04-01-06,版式设计权及保护期,,
办理登记手续通知,办理登记手续通知,,high,1,1,examination-guideline:05-09-01,专利局发出授予专利权通知书的同时，应当发出办理登记手续通知书,,
帮助他人实施侵犯专利权行为,帮助他人实施侵犯专利权行为,,high,1,1,infringement-guide:infr-05-02,帮助他人实施侵犯专利权行为,,
保护期限,保护期限,,high,1,1,plant-variety-regulations-2025:pvpr-06-01,品种权的保护期限，自授权公告之日起，木本、藤本植物为25年，其他植物为20年。,,
备案变更,备案变更,,high,1,1,customs-ip-protection-2018:cusr-02-05,自发生改变之日起30个工作日内，向海关总署办理备案变更或者注销手续,,
备案失效,备案失效,,high,1,1,customs-ip-protection-2018:cusr-02-04,知识产权不再受法律、行政法规保护的，知识产权海关保护备案随即失效,,
备案注销,备案注销,,high,1,1,customs-ip-protection-2018:cusr-02-05,自发生改变之日起30个工作日内，向海关总署办理备案变更或者注销手续,,
背景文件,背景文件,,high,1,1,examination-guideline:05-10-04,背景文件，即反映外观设计的部分设计特征或者有关的文件,,
被代表人的商标,被代表人的商标,,high,1,1,trademark-exam-guide-2021:tmeg-06-11-02-04-02,被代表人的商标包括被代表人已经在先使用的商标和其他依法属于被代表人的商标,,
被代理人的商标,被代理人的商标,,high,1,1,trademark-exam-guide-2021:tmeg-06-11-02-04-01,在合同或者授权委托文件中载明的被代理人商标,,
被动保护原则,被动保护原则,,high,1,1,trademark-exam-guide-2021:tmeg-06-10-05-02-02,当事人未主张驰名商标保护的，商标注册部门不予主动认定。,,
本商品,本商品,,high,1,1,trademark-exam-guide-2021:tmeg-06-04-02-01-01,“本商品”是指商标注册申请指定的具体商品或者服务,,
变更证明文件,变更证明文件,,high,1,1,trademark-exam-guide-2021:tmeg-04-02-04-03,变更证明文件可以为登记机关核准变更文件的复印件,,
变化状态产品,变化状态产品,,high,1,1,examination-guideline:04-05-05,变化状态产品，是指在销售和使用时呈现不同状态的产品,,
标准执行一致原则,标准执行一致原则,,high,1,1,trademark-exam-guide-2021:tmeg-06-01-01-04,标准执行一致原则指的是在商标注册申请、异议、驳回复审、宣告无效等各类商标案件的,,
表演权,表演权,,high,1,1,copyright-law-2020:cpl-02-01-02,表演权，即公开表演作品，以及用各种手段公开播送作品的表演的权利,,
并列独立权利要求,并列独立权利要求,,high,1,1,examination-guideline:02-02-03-01,其他独立权利要求称为并列独立权利要求,,
并列选择法概括,并列选择法概括,,high,1,1,examination-guideline:02-02-03-03,用并列选择法概括，即用“或者”或者“和”并列几个必择其一的具体特征,,
不得超出原申请文件所载的事项范围,不得超出原申请文件所载的事项范围,,high,1,1,trademark-exam-guide-2021:tmeg-01-01-03-03,修改的内容不得超出原申请文件所载的事项范围,,
不规范汉字,不规范汉字,,high,1,1,trademark-exam-guide-2021:tmeg-06-03-02-02-08-03-03,易使公众特别是未成年人对其书写产生错误认知的，一般应视为不规范汉字,,
不明显缺乏单一性的申请,不明显缺乏单一性的申请,,high,1,1,examination-guideline:02-07-09,不明显缺乏单一性的申请，是指只有经过检索，才能确定其申请的主题之间缺乏单一性的那,,
不侵权说明,不侵权说明,书面说明,high,1,1,customs-ip-protection-2018:cusr-03-07,应当向海关提出书面说明并附送相关证据,,
不以使用为目的,不以使用为目的,,high,1,1,trademark-exam-guide-2021:tmeg-06-02-05-02,“不以使用为目的”申请商标注册的行为是指申请人在申请注册商标的时候,,
不予备案,不予备案,,high,1,1,customs-ip-protection-2018:cusr-02-02,有下列情形之一的，海关总署不予备案,,
不予变更情形,不予变更情形,,high,1,1,trademark-exam-guide-2021:tmeg-01-03-06-02-03,不予变更情形,,
不予登记,不予登记,,high,1,1,trademark-exam-guide-2021:tmeg-03-02-03-03-03,有下列情形之一的，不予登记,,
不予受理决定,不予受理决定,,high,1,1,trademark-exam-guide-2021:tmeg-01-01-03-04,或者经补正后仍不符合有关规定的，审查员可以作出不予受理决定,,
不予退款,不予退款,,high,1,1,trademark-exam-guide-2021:tmeg-05-02-04-02-02,当事人自缴费之日起超过三年才提出退款请求的,,
布图设计权利人,布图设计权利人,,high,1,1,ic-layout-regulations-2026:icld-01-03,是指依照本条例的规定，对布图设计享有专有权的自然人、法人或者非法人组织,,
部分违反专利法第五条第一款的申请,部分违反专利法第五条第一款的申请,,high,1,1,examination-guideline:02-01-03,该专利申请称为部分违反专利法第五条第一款的申请,,
部分优先权,部分优先权,,high,1,1,examination-guideline:02-08-04-06,这种情况称为部分优先权,,
部分注销申请,部分注销申请,,high,1,1,trademark-exam-guide-2021:tmeg-04-02-07-03,部分注销申请，仅可涉及单个国际注册号,,
部分转让不予核准,部分转让不予核准,,high,1,1,trademark-exam-guide-2021:tmeg-04-06-04-10,有下列情形之一的，部分转让不予核准,,
部分转让无效,部分转让无效,,high,1,1,trademark-exam-guide-2021:tmeg-04-06-04-07,有下列情形之一的，部分转让无效,,
部分转让终局决定,部分转让终局决定,,high,1,1,trademark-exam-guide-2021:tmeg-04-06-04-08,国家知识产权局视具体情况将部分转让终局决定通知国际局。,,
参考图,参考图,,high,1,1,examination-guideline:01-03-04-02,参考图通常用于表明使用外观设计的产品的用途、使用方法或者使用场所,,
参审员,参审员,,high,1,1,examination-guideline:04-01-03,参审员参与审查并协助组长和主审员工作,,
查阅、复制,查阅、复制,,high,1,1,anti-monopoly-law-2022:aml-06-02,查阅、复制被调查的经营者、利害关系人或者其他有关单位或者个人的有关单证,,
产品的构造,产品的构造,构造,high,1,1,examination-guideline:01-02-06,产品的各个组成部分的安排、组织和相互关系,,
产品名称,产品名称,使用外观设计的产品名称,high,1,1,examination-guideline:01-03-04-01,使用外观设计的产品名称应当与外观设计图片或者照片中表示的外观设计相符合,,
常规检索,常规检索,,high,1,1,examination-guideline:02-07-06,常规检索是在申请的主题的所属技术领域进行的检索。,,
常用标志符号,常用标志符号,,high,1,1,trademark-exam-guide-2021:tmeg-06-04-02-02-03-14,日常生活或工作中常见的标志符号，且消费者很难将其作为区分商品或者服务来源的标志,,
常用设计手法,常用设计手法,,high,1,1,examination-guideline:04-05-04,常用设计手法包括设计的转用、拼合、替换等类型,,
常用祝颂语,常用祝颂语,,high,1,1,trademark-exam-guide-2021:tmeg-06-04-02-02-03-12,常用祝颂语和日常用语是指在平时工作生活中或者节日中，经常使用的词汇或者短语,,
抄送,抄送,,high,1,1,trademark-exam-guide-2021:tmeg-01-05-01-04-02,可选择将《提供使用证据通知》抄送以下相关当事人,,
抄送当事人,抄送当事人,,high,1,1,trademark-exam-guide-2021:tmeg-01-05-02-05,抄送当事人,,
撤回变更申请,撤回变更申请,,high,1,1,trademark-exam-guide-2021:tmeg-03-01-01-07-01,申请人撤回变更申请的，应书面向商标注册部门提出申请,,
撤回商标异议申请,撤回商标异议申请,撤回异议申请,high,1,1,trademark-exam-guide-2021:tmeg-01-03-07-01,撤回商标异议申请应符合以下要求,,
撤回许可备案,撤回许可备案,,high,1,1,trademark-exam-guide-2021:tmeg-03-02-02-08,撤回许可备案由许可人即商标注册人提交,,
撤销布图设计登记,撤销布图设计登记,,high,1,1,ic-layout-regulations-2026:icld-03-12,撤销布图设计登记,,
撤销登记,撤销登记,,high,1,1,trademark-exam-guide-2021:tmeg-03-02-03-03-04,有下列情形之一的，应当撤销登记,,
撤销注册商标复审,撤销注册商标复审,,high,1,1,trademark-exam-guide-2021:tmeg-06-01-02-04,撤销注册商标复审案件，应当针对撤销或者维持注册商标决定和当事人申请复审时,,
程序模块,程序模块,,high,1,1,examination-guideline:02-09-05,应当理解为实现该程序流程各步骤或该方法各步骤所必须建立的程序模块,,
驰名商标保护,驰名商标保护,,high,1,1,trademark-exam-guide-2021:tmeg-06-10-05-01,从保护驰名商标持有人利益和维护公平竞争及消费者权益出发,,
驰名商标持有人再次请求驰名商标保护,驰名商标持有人再次请求驰名商标保护,,high,1,1,trademark-exam-guide-2021:tmeg-06-10-05-04-05,驰名商标持有人再次请求驰名商标保护,,
驰名商标的显著特征,驰名商标的显著特征,驰名商标的显著部分,high,1,1,trademark-exam-guide-2021:tmeg-06-10-05-05-02,驰名商标的显著部分或者显著特征是指驰名商标赖以起主要识别作用的部分或者特征,,
驰名商标认定因素,驰名商标认定因素,,high,1,1,trademark-exam-guide-2021:tmeg-06-10-03,认定驰名商标应当考虑下列因素,,
驰名商标受保护的记录,驰名商标受保护的记录,,high,1,1,trademark-exam-guide-2021:tmeg-06-10-05-02-01,在本案中可以作为驰名商标受保护的记录予以考虑,,
抽奖式有奖销售,抽奖式有奖销售,,high,1,1,anti-unfair-competition-2025:aucl-02-05,抽奖式的有奖销售，最高奖的金额超过五万元,,
出版,出版,,high,1,1,copyright-law-2020:cpl-06-02,本法第二条所称的出版，指作品的复制、发行,,
出版物,出版物,,high,1,1,examination-guideline:02-03-02,专利法意义上的出版物是指记载有技术或者设计内容的独立存在的传播载体,,
出质商标,出质商标,,high,1,1,trademark-exam-guide-2021:tmeg-03-02-03-02-04,出质商标应当符合以下条件,,
出租服务,出租服务,,high,1,1,trademark-exam-guide-2021:tmeg-02-01-04-02,出租服务，原则上与通过出租物所实现的服务分在同一类别,,
出租权,出租权,,high,1,1,copyright-law-2020:cpl-02-01-02,出租权，即有偿许可他人临时使用视听作品、计算机软件的原件或者复制件的权利,,
处分决定,处分决定,,high,1,1,examination-guideline:05-07-05,因耽误期限作出的处分决定主要包括：视为撤回专利申请权、视为放弃取得专利权的权利,,
处于各形成和发育阶段的人体,处于各形成和发育阶段的人体,,high,1,1,examination-guideline:02-10-09-01,处于各个形成和发育阶段的人体，包括人的生殖细胞、受精卵、胚胎及个体,,
创作,创作,,high,1,1,copyright-law-rules-2013:cplr-03,著作权法所称创作，是指直接产生文学、艺术和科学作品的智力活动。,,
创作者,创作者,,high,1,1,ic-layout-regulations-2026:icld-02-03,由自然人创作的布图设计，该自然人是创作者,,
纯功能性的权利要求,纯功能性的权利要求,,high,1,1,examination-guideline:02-02-03-02,纯功能性的权利要求得不到说明书的支持，因而也是不允许的,,
纯培养物,纯培养物,,high,1,1,examination-guideline:02-10-09-01,只有当微生物经过分离成为纯培养物，并且具有特定的工业用途时,,
词形变化,词形变化,,high,1,1,trademark-exam-guide-2021:tmeg-06-05-03-04-01-11,商标文字仅在形式上发生单复数、动名词、缩写、比较级或最高级、词性,,
从属专利,从属专利,,high,1,1,infringement-guide:infr-02-02,在后专利的某项权利要求记载了在先专利某项权利要求中记载的全部技术特征,,
大小地名套用,大小地名套用,,high,1,1,trademark-exam-guide-2021:tmeg-06-09-07-04-03-02,由具有包含关系的两级地名即“大地名+小地名+商品通用名称”构成,,
代表关系,代表关系,,high,1,1,trademark-exam-guide-2021:tmeg-06-11-02-03-03,下列证据可以证明代表关系的存在,,
代理关系,代理关系,,high,1,1,trademark-exam-guide-2021:tmeg-06-11-02-03-03,下列证据可以证明代理关系的存在,,
单纯的美容方法,单纯的美容方法,,high,1,1,examination-guideline:02-01-04-03,单纯的美容方法，即不介入人体或不产生创伤的美容方法,,
单纯事实消息,单纯事实消息,,high,1,1,copyright-law-2020:cpl-01-05,单纯事实消息,,
单纯图案的外观设计,单纯图案的外观设计,,high,1,1,examination-guideline:04-05-03,单纯图案的外观设计是指未请求保护色彩并且不限定边界的平面产品的图案设计,,
单纯形状的外观设计,单纯形状的外观设计,,high,1,1,examination-guideline:04-05-03,单纯形状的外观设计是指无图案且未请求保护色彩的产品的形状设计,,
单克隆抗体,单克隆抗体,,high,1,1,examination-guideline:02-10-09-02,对于制备单克隆抗体的方法，应当描述获得或者制备免疫原的方法、免疫方法,,
单克隆抗体权利要求,单克隆抗体权利要求,,high,1,1,examination-guideline:02-10-09-03,针对单克隆抗体的权利要求可以用结构特征限定，也可以用产生它的杂交瘤来限定,,
担保放行,担保放行,,high,1,1,customs-ip-protection-2018:cusr-03-08,担保放行,,
党派,党派,,high,1,1,trademark-exam-guide-2021:tmeg-06-03-02-02-08-03-06,本条中的党派包括中国共产党和被统称为民主党派的八个政党,,
党政机关,党政机关,,high,1,1,trademark-exam-guide-2021:tmeg-06-03-02-02-08-03-07,本条中的党政机关通常包括中国共产党机关、人大机关、民主党派机关,,
地理标志概念,地理标志概念,,high,1,1,trademark-exam-guide-2021:tmeg-06-09-07-05-06-03,仅由自然因素或者仅由人文因素决定的产品，不符合地理标志概念,,
地理标志误导公众,地理标志误导公众,,high,1,1,trademark-exam-guide-2021:tmeg-06-09-07-04-01-02,商标中有商品的地理标志，而该商品并非来源于该标志所标示的地区，误导公众的,,
地名的其他含义强于地名含义,地名的其他含义强于地名含义,,high,1,1,trademark-exam-guide-2021:tmeg-06-03-02-02-09-01-01,地名具有其他含义且该含义强于地名含义的,,
地名仅起真实表示申请人所在地作用,地名仅起真实表示申请人所在地作用,,high,1,1,trademark-exam-guide-2021:tmeg-06-03-02-02-09-03,商标所含地名与其他具备显著特征的要素相互独立，地名仅起真实表示申请人所在地作用的,,
地域范围证明文件,地域范围证明文件,,high,1,1,trademark-exam-guide-2021:tmeg-06-09-07-05-05,地理标志所标示地区的人民政府或行业主管部门出具的地域范围证明文件,,
登记日期,登记日期,质权登记日期,high,1,1,trademark-exam-guide-2021:tmeg-03-02-03-03-01,受理日期即为登记日期,,
等同侵权,等同侵权,,high,1,1,infringement-guide:infr-02-03,被诉侵权技术方案有一个或者一个以上技术特征与权利要求中的相应技术特征从字面上,,
第一独立权利要求,第一独立权利要求,,high,1,1,examination-guideline:02-02-03-01,写在最前面的独立权利要求被称为第一独立权利要求,,
电子商标注册证,电子商标注册证,,high,1,1,trademark-exam-guide-2021:tmeg-05-07-05,电子商标注册证是商标注册部门依照《商标法》有关规定，颁发给商标注册人,,
动植物品种的生产方法,动植物品种的生产方法,,high,1,1,patent-law:law-02-04,对前款第（四）项所列产品的生产方法，可以依照本法规定授予专利权,,
独立原则,独立原则,,high,1,1,examination-guideline:05-04-02,独立原则。每一件专利申请应当建立一份独立的案卷,,
独任审查,独任审查,,high,1,1,examination-guideline:04-01-04,对于简单的案件，可以由一人独任审查,,
独特视觉效果,独特视觉效果,,high,1,1,examination-guideline:04-05-06,独特视觉效果，是指涉案专利相对于现有设计产生了预料不到的视觉效果,,
独占权,独占权,,high,1,1,plant-variety-regulations-2025:pvpr-02-01,对其授权品种，享有排他的独占权,,
独占使用权,独占使用权,,high,1,1,ic-layout-regulations-2026:icld-04-08,不享有独占的使用权,,
对比设计,对比设计,,high,1,1,examination-guideline:04-05-03,与涉案专利进行比较的判断客体简称对比设计,,
多音字,多音字,,high,1,1,trademark-exam-guide-2021:tmeg-02-02-04-01,商标中包含多音字的，拼音分卡一般应为惯常读音的组合,,
二级分类表,二级分类表,,high,1,1,examination-guideline:01-04-04-03,二级分类表用于对已经分类在其他分类位置上的技术主题进行强制补充分类,,
发明或实用新型专利权的保护范围,发明或实用新型专利权的保护范围,,high,1,1,patent-law:law-07-01,发明或者实用新型专利权的保护范围以其权利要求的内容为准,,
发明人奖金,发明人奖金,奖金,high,1,1,implementation-rules:rule-07-02,一项发明专利的奖金最低不少于4000元,,
发行权,发行权,,high,1,1,copyright-law-2020:cpl-02-01-02,发行权，即以出售或者赠与方式向公众提供作品的原件或者复制件的权利,,
法定赔偿,法定赔偿,,high,1,1,patent-law:law-07-08,确定给予三万元以上五百万元以下的赔偿,,
法定许可,法定许可,,high,1,1,copyright-law-2020:cpl-02-04-02,法定许可,,
法定许可付酬期限,法定许可付酬期限,,high,1,1,copyright-law-rules-2013:cplr-32,应当自使用该作品之日起2个月内向著作权人支付报酬,,
翻译,翻译,,high,1,1,trademark-exam-guide-2021:tmeg-06-10-05-05-03,翻译是指系争商标将他人驰名商标以不同的语言文字予以表达,,
翻译权,翻译权,,high,1,1,copyright-law-2020:cpl-02-01-02,翻译权，即将作品从一种语言文字转换成另一种语言文字的权利,,
防御性注册,防御性注册,,high,1,1,trademark-exam-guide-2021:tmeg-06-02-05-05-01,防御性注册，应当是申请人在先注册商标已投入实际商业使用并具有一定知名度,,
妨害证据保全,妨害证据保全,,high,1,1,ip-evidence-rules-2020:ipev-13,或者妨害证据保全，致使无法保全证据的,,
放弃专利权声明,放弃专利权声明,,high,1,1,examination-guideline:05-09-04,专利权人放弃专利权的，应当提交放弃专利权声明,,
放弃专用权说明,放弃专用权说明,,high,1,1,trademark-exam-guide-2021:tmeg-06-06-05-02-02-04-03,放弃专用权说明需在商标公告和商标注册证上予以加注,,
放行,放行,,high,1,1,customs-ip-protection-2018:cusr-03-13,海关应当放行被扣留的侵权嫌疑货物,,
放映权,放映权,,high,1,1,copyright-law-2020:cpl-02-01-02,放映权，即通过放映机、幻灯机等技术设备公开再现美术、摄影、视听作品等的权利,,
非商业性使用,非商业性使用,,high,1,1,ic-layout-regulations-2026:icld-04-07,限于为公共目的非商业性使用,,
非书面公开,非书面公开,,high,1,1,examination-guideline:03-02-05,非书面公开是指：在国际申请的申请日或者有效的优先权日之前,,
非显而易见性,非显而易见性,,high,1,1,oa-response-guide:oa-02-04,即判断非显而易见性,,
非限定型权利要求,非限定型权利要求,,high,1,1,examination-guideline:02-10-04,当该组合物具有两种或者多种使用性能和应用领域时，可以允许用非限定型权利要求,,
非形状、非构造技术特征,非形状、非构造技术特征,,high,1,1,infringement-guide:infr-01-03,非形状、非构造技术特征，是指实用新型专利权利要求中记载的不属于产品的形状,,
非音乐性质的声音商标,非音乐性质的声音商标,,high,1,1,trademark-exam-guide-2021:tmeg-02-04-03,非音乐性质的声音商标，声音要素编码为 S2,,
非音乐性质声音商标,非音乐性质声音商标,,high,1,1,trademark-exam-guide-2021:tmeg-01-02-03-01-04-04-02,非音乐性质声音商标应当用文字加以描述,,
非职务育种,非职务育种,,high,1,1,plant-variety-regulations-2025:pvpr-02-03,非职务育种，品种权的申请权属于完成育种的个人,,
费用种类的转换,费用种类的转换,转换费用种类,high,1,1,examination-guideline:05-02-06,经专利局确认后可以对费用种类进行转换,,
服务分类原则,服务分类原则,,high,1,1,trademark-exam-guide-2021:tmeg-02-01-04-02,服务分类原则,,
符合发明目的原则,符合发明目的原则,,high,1,1,infringement-guide:infr-01-01,符合发明目的原则。在确定专利权保护范围时，不应将不能实现发明目的,,
复查请求,复查请求,,high,1,1,examination-guideline:03-01-05-11,提出复查请求的情况是,,
复核组,复核组,,high,1,1,examination-guideline:05-10-06,由组长、主核员和参核员组成的三人复核组,,
复审程序终止,复审程序终止,,high,1,1,examination-guideline:04-02-09,复审请求因期满未答复而被视为撤回的，复审程序终止,,
复审请求案件,复审请求案件,,high,1,1,examination-guideline:04-01-01,复审请求案件包括对初步审查和实质审查程序中驳回专利申请的决定不服而请求复审的案件,,
复制件或者图样,复制件或者图样,,high,1,1,ic-layout-regulations-2026:icld-03-05,提交的复制件或者图样应当包含布图设计的必要信息,,
复制权,复制权,,high,1,1,copyright-law-2020:cpl-02-01-02,复制权，即以印刷、复印、拓印、录音、录像、翻录、翻拍、数字化等方式,,
富有美感,富有美感,,high,1,1,examination-guideline:01-03-07,富有美感，是指在判断是否属于外观设计专利权的保护客体时，关注的是产品的外观给人的,,
改编权,改编权,,high,1,1,copyright-law-2020:cpl-02-01-02,改编权，即改变作品，创作出具有独创性的新作品的权利,,
改良型新药,改良型新药,,high,1,1,examination-guideline:05-09-03,可以给予期限补偿的改良型新药限于国务院药品监督管理部门颁发的药品注册证书,,
割裂技术特征,割裂技术特征,,high,1,1,oa-response-guide:oa-02-07,这些特征之间应当是作为一个整体不可分割的,,
格言警句,格言警句,,high,1,1,trademark-exam-guide-2021:tmeg-06-04-02-02-03-16,格言警句，是指名人名言，或者前人总结的为人处事、修身齐家等的短语或成语或句子等,,
隔离比对,隔离比对,,high,1,1,trademark-exam-guide-2021:tmeg-06-01-03-03,隔离比对是指在判定商标近似时，不能将商标并排放置进行比对,,
隔离期限,隔离期限,,high,1,1,trademark-exam-guide-2021:tmeg-06-18-02-01,以设置一定时间的隔离期限,,
个案认定原则,个案认定原则,,high,1,1,trademark-exam-guide-2021:tmeg-06-10-05-02-01,驰名商标的认定结果只对本案有效,,
个案审查原则,个案审查原则,,high,1,1,trademark-exam-guide-2021:tmeg-06-01-01-04,个案审查原则是指由于不同的商标案件之间,,
个别字母不同,个别字母不同,,high,1,1,trademark-exam-guide-2021:tmeg-06-05-03-04-01-09,“个别字母不同”包括变字母、增加或减少字母、邻近字母变换顺序等,,
工作任务,工作任务,,high,1,1,copyright-law-rules-2013:cplr-11,是指公民在该法人或者该组织中应当履行的职责,,
公告方式送达,公告方式送达,,high,1,1,trademark-exam-guide-2021:tmeg-01-04-03-02-01,以公告方式送达的，自公告发布之日起满三十日视为送达,,
公认的同一化合物类别,公认的同一化合物类别,,high,1,1,examination-guideline:02-10-08,是指根据本领域的知识可以预期到该类的成员对于要求保护的发明来说其表现是相同的,,
功能分类,功能分类,,high,1,1,examination-guideline:01-04-04-02,则将该技术主题按功能分类,,
官方标志,官方标志,,high,1,1,trademark-exam-guide-2021:tmeg-06-03-02-02-04,予以保证的官方标志、检验印记,,
官方标志、检验印记,官方标志、检验印记,官方标记、检验印记,high,1,1,trademark-exam-guide-2021:tmeg-06-03-02-01-04,实施控制、予以保证或者进行检验的标志或印记,,
官方正式译文,官方正式译文,,high,1,1,copyright-law-2020:cpl-01-05,官方正式译文,,
管辖权,管辖权,管辖,high,1,1,implementation-rules:rule-08-03,两个以上管理专利工作的部门都有管辖权的专利纠纷,,
惯常读音,惯常读音,,high,1,1,trademark-exam-guide-2021:tmeg-02-02-04-01,拼音分卡一般应为惯常读音的组合,,
惯常呼叫习惯,惯常呼叫习惯,,high,1,1,trademark-exam-guide-2021:tmeg-02-02-04-02,原则上按照惯常呼叫习惯划分汉字分卡,,
惯常拼读方式,惯常拼读方式,,high,1,1,trademark-exam-guide-2021:tmeg-02-02-05,有多种拼读方式的，应按惯常拼读方式分别划分拼音分卡,,
广播权,广播权,,high,1,1,copyright-law-2020:cpl-02-01-02,广播权，即以有线或者无线方式公开传播或者转播作品,,
广播组织的禁止权,广播组织的禁止权,,high,1,1,copyright-law-2020:cpl-04-04-03,广播组织的禁止权,,
规范使用,规范使用,,high,1,1,trademark-exam-guide-2021:tmeg-06-17-06-01,规范使用和连续使用注册商标,,
国+商标指定商品名称,国+商标指定商品名称,,high,1,1,trademark-exam-guide-2021:tmeg-06-03-02-02-07-01-01,“国 + 商标指定商品名称”作为商标申请,,
国徽,国徽,,high,1,1,trademark-exam-guide-2021:tmeg-06-03-02-01-02,“国徽”是由国家正式规定的代表本国的徽记,,
国际申请不能进入中国国家阶段通知书,国际申请不能进入中国国家阶段通知书,,high,1,1,examination-guideline:03-01-02,该国际申请在中国没有效力，审查员应当发出国际申请不能进入中国国家阶段通知书,,
国际组织的名称,国际组织的名称,,high,1,1,trademark-exam-guide-2021:tmeg-06-03-02-01-03,国际组织的名称包括全称、简称或者缩写,,
国家安全审查,国家安全审查,,high,1,1,anti-monopoly-law-2022:aml-04-14,还应当按照国家有关规定进行国家安全审查,,
国家公布,国家公布,,high,1,1,examination-guideline:03-01-06,国家公布仅适用于进入中国的发明专利的国际申请,,
国家阶段的修改,国家阶段的修改,,high,1,1,examination-guideline:03-01-05-07,此种修改称为国家阶段的修改,,
国家名称近似,国家名称近似,,high,1,1,trademark-exam-guide-2021:tmeg-06-03-02-02-01-01,标志的含义、读音或者外观等与我国国家名称近似，容易使公众误认为我国国家名称的,,
国家名称相同,国家名称相同,,high,1,1,trademark-exam-guide-2021:tmeg-06-03-02-02-01-01,标志与我国国家名称相同的，判定为与我国国家名称相同,,
国家知识产权局认可的保藏单位,国家知识产权局认可的保藏单位,中国典型培养物保藏中心；中国普通微生物菌种保藏中心；广东省微生物菌种保藏中心,high,1,1,chemistry-drafting-rules:chem-01-05-09,“国家知识产权局认可的保藏单位”是指位于武汉的中国典型培养物保藏中心,,
国旗,国旗,,high,1,1,trademark-exam-guide-2021:tmeg-06-03-02-01-02,“国旗”是由国家正式规定的代表本国的旗帜,,
国旗、国徽、国歌相同或者近似,国旗、国徽、国歌相同或者近似,,high,1,1,trademark-exam-guide-2021:tmeg-06-03-02-02-01-02,足以使公众将其与我国国旗、国徽、国歌相联系的,,
国务院反垄断委员会,国务院反垄断委员会,反垄断委员会,high,1,1,anti-monopoly-law-2022:aml-01-12,国务院设立反垄断委员会，负责组织、协调、指导反垄断工作，履行下列职责,,
过于复杂的文字、图形、数字、字母或上述要素的组合,过于复杂的文字、图形、数字、字母或上述要素的组合,,high,1,1,trademark-exam-guide-2021:tmeg-06-04-02-02-03-04,过于复杂的文字、图形、数字、字母或上述要素的组合,,
过于简单的线条、普通几何图形,过于简单的线条、普通几何图形,,high,1,1,trademark-exam-guide-2021:tmeg-06-04-02-02-03-01,过于简单的线条、普通几何图形,,
汉字编码方法,汉字编码方法,,high,1,1,examination-guideline:02-09-04,汉字编码方法属于一种信息表述方法,,
汉字逆序形式,汉字逆序形式,,high,1,1,trademark-exam-guide-2021:tmeg-06-09-07-04-03-01,文字构成相同，但排列顺序不同,,
合案申请,合案申请,,high,1,1,examination-guideline:01-03-09,可以作为一件申请提出（简称合案申请）,,
合并审理,合并审理,,high,1,1,examination-guideline:04-03-04,复审和无效审理部可以对案件合并审理,,
合法在先权利,合法在先权利,,high,1,1,trademark-exam-guide-2021:tmeg-06-01-01-03,合法在先权利是指申请注册商标的申请日之前他人已经依法取得或者依法享有并受法律保护,,
合方发明,合方发明,,high,1,1,examination-guideline:02-11-05,合方发明，是指将两个及以上的已知方合并使用或合方化裁而形成的组方发明,,
合理使用,合理使用,,high,1,1,copyright-law-2020:cpl-02-04-01,合理使用,,
合理注意义务,合理注意义务,,high,1,1,ip-evidence-rules-2020:ipev-04,合理注意义务,,
合议审查,合议审查,,high,1,1,examination-guideline:04-01-03,合议审查的案件，应当由三或五人组成的合议组负责审查,,
合作创作,合作创作,,high,1,1,ic-layout-regulations-2026:icld-02-04,两个以上自然人、法人或者非法人组织合作创作的布图设计,,
核准变更,核准变更,,high,1,1,trademark-exam-guide-2021:tmeg-03-01-01-06-04,变更申请完全符合规定的，商标注册部门核准变更,,
核准转让,核准转让,,high,1,1,trademark-exam-guide-2021:tmeg-03-02-01-09-04,商标注册部门核准转让,,
横向垄断协议,横向垄断协议,,high,1,1,anti-monopoly-law-2022:aml-02-02,禁止具有竞争关系的经营者达成下列垄断协议,,
红十字,红十字,红十字标志,high,1,1,trademark-exam-guide-2021:tmeg-06-03-02-01-05,是国际人道主义保护标志，是武装力量医疗机构的特定标志，是红十字会的专用标志,,
红十字、红新月、红水晶,红十字、红新月、红水晶,,high,1,1,trademark-exam-guide-2021:tmeg-06-03-02-02-05,“红十字”“红新月”“红水晶”的名称、图案在视觉上基本无差别的,,
红新月,红新月,红新月标志,high,1,1,trademark-exam-guide-2021:tmeg-06-03-02-01-05,是阿拉伯国家和部分伊斯兰国家红新月会专用的，性质和功能与红十字标志相同的标志,,
互联网证据的公开时间,互联网证据的公开时间,,high,1,1,examination-guideline:04-08-05,公众能够浏览互联网信息的最早时间为该互联网信息的公开时间,,
化合物权利要求,化合物权利要求,,high,1,1,examination-guideline:02-10-04,化合物权利要求应当用化合物的名称或者化合物的结构式或者分子式来表征,,
化学产品,化学产品,,high,1,1,examination-guideline:02-10-03,化学产品包括化合物、组合物以及用结构和/或组成不能够清楚描述的化学产品,,
化学产品的医药用途发明的新颖性,化学产品的医药用途发明的新颖性,,high,1,1,examination-guideline:02-10-05,对于涉及化学产品的医药用途发明，其新颖性审查应考虑以下方面,,
化学产品发明,化学产品发明,,high,1,1,chemistry-drafting-rules:chem-01-03-01,化学产品发明（是指各组分之间发生化学反应得到的产品）,,
化学产品用途发明,化学产品用途发明,,high,1,1,examination-guideline:02-10-03,对于化学产品用途发明，在说明书中应当记载所使用的化学产品,,
化学产品用途发明的新颖性,化学产品用途发明的新颖性,,high,1,1,examination-guideline:02-10-05,如果一项已知产品的新用途本身是一项发明，则已知产品不能破坏该新用途的新颖性,,
化学方法发明,化学方法发明,,high,1,1,examination-guideline:02-10-03,对于化学方法发明，无论是物质的制备方法还是其他方法,,
化学方法权利要求,化学方法权利要求,,high,1,1,examination-guideline:02-10-04,其权利要求可以用涉及工艺、物质以及设备的方法特征来进行限定,,
恢复调查,恢复调查,,high,1,1,anti-monopoly-law-2022:aml-06-08,反垄断执法机构应当恢复调查,,
恢复权利请求期限,恢复权利请求期限,,high,1,1,examination-guideline:05-07-05,应当按照规定给予两个月（自该处分决定的送达日起算）的恢复权利请求期限,,
汇编权,汇编权,,high,1,1,copyright-law-2020:cpl-02-01-02,汇编权，即将作品或者作品的片段通过选择或者编排，汇集成新作品的权利,,
汇编作品,汇编作品,,high,1,1,copyright-law-2020:cpl-02-02-05,对其内容的选择或者编排体现独创性的作品，为汇编作品,,
会晤,会晤,,high,1,1,examination-guideline:02-08-04-12,在实质审查过程中，审查员可以约请申请人会晤，以加快审查程序,,
会晤记录,会晤记录,,high,1,1,examination-guideline:02-08-04-12,会晤记录不能代替申请人的正式书面答复或者修改,,
混合系统,混合系统,,high,1,1,examination-guideline:01-04-04-03,混合系统由分类表的分类号和与其联合使用的引得码组成,,
混淆、误导可能性,混淆、误导可能性,,high,1,1,trademark-exam-guide-2021:tmeg-06-10-05-06-02,只需判定有无混淆、误导的可能性即可,,
机械构造,机械构造,,high,1,1,examination-guideline:01-02-06,构成产品的零部件的相对位置关系、连接关系和必要的机械配合关系,,
积极效果,积极效果,,high,1,1,examination-guideline:02-05,能够产生积极效果，是指发明或者实用新型专利申请在提出申请之日,,
基本无差别,基本无差别,,high,1,1,trademark-exam-guide-2021:tmeg-06-01-03-03,所谓基本无差别，是指两商标虽有个别次要部分不完全相同，但主要部分完全相同,,
集成电路,集成电路,,high,1,1,ic-layout-regulations-2026:icld-01-03,是指以半导体材料为基片，将至少有一个是有源元件的两个以上元件,,
计算机程序产品,计算机程序产品,,high,1,1,examination-guideline:02-09-05,计算机程序产品应当理解为主要通过计算机程序实现其解决方案的软件产品,,
计算机汉字输入方法,计算机汉字输入方法,计算机汉字信息处理方法,high,1,1,examination-guideline:02-09-04,构成计算机系统处理汉字的一种计算机汉字输入方法,,
技术方案的删除,技术方案的删除,,high,1,1,examination-guideline:04-03-04,技术方案的删除是指从同一权利要求中并列的两种以上技术方案中删除一种,,
技术主题,技术主题,,high,1,1,examination-guideline:01-04-03,发明创造的技术主题可以是方法、产品、设备或者材料,,
寄出日,寄出日,,high,1,1,trademark-exam-guide-2021:tmeg-05-01-04-03,寄出邮戳日或快递企业收寄日,,
检测能力,检测能力,,high,1,1,trademark-exam-guide-2021:tmeg-06-09-07-03-02-04,证明商标申请人自身具备检测能力的，提交其自有检测资质证书、检测人员名单和检测设备,,
检验印记,检验印记,,high,1,1,trademark-exam-guide-2021:tmeg-06-03-02-02-04,予以保证的官方标志、检验印记,,
缴费期限,缴费期限,,high,1,1,trademark-exam-guide-2021:tmeg-05-02-02,自收到缴费通知书之日起7日内，向商标注册部门缴纳费用,,
教唆他人实施侵犯专利权行为,教唆他人实施侵犯专利权行为,,high,1,1,infringement-guide:infr-05-02,教唆他人实施侵犯专利权行为,,
节日名称,节日名称,,high,1,1,trademark-exam-guide-2021:tmeg-06-04-02-02-03-15,节日名称是指法定或约定俗成的节日名称,,
结案,结案,,high,1,1,trademark-exam-guide-2021:tmeg-01-04-03-05-04,予以结案并通知当事人,,
解除代理关系,解除代理关系,解除委托关系,high,1,1,trademark-exam-guide-2021:tmeg-01-04-06,予以变更或解除代理关系,,
解密请求,解密请求,,high,1,1,examination-guideline:05-05-05,保密专利申请的申请人或者保密专利的专利权人可以书面提出解密请求,,
仅直接表示商品的形态,仅直接表示商品的形态,,high,1,1,trademark-exam-guide-2021:tmeg-06-04-02-02-02-05,仅直接表示指定商品的形态的,,
仅直接表示商品的主要原料,仅直接表示商品的主要原料,,high,1,1,trademark-exam-guide-2021:tmeg-06-04-02-02-02-02,仅直接表示指定商品的主要原料的,,
仅直接表示商品或服务的功能、用途,仅直接表示商品或服务的功能、用途,,high,1,1,trademark-exam-guide-2021:tmeg-06-04-02-02-02-03,仅直接表示指定商品或者服务的功能、用途的,,
仅直接表示商品或服务的价格,仅直接表示商品或服务的价格,,high,1,1,trademark-exam-guide-2021:tmeg-06-04-02-02-02-05,仅直接表示指定商品或者服务的价格的,,
仅直接表示商品或服务的内容,仅直接表示商品或服务的内容,,high,1,1,trademark-exam-guide-2021:tmeg-06-04-02-02-02-05,仅直接表示指定商品或者服务内容的,,
仅直接表示商品或服务的其他特点,仅直接表示商品或服务的其他特点,,high,1,1,trademark-exam-guide-2021:tmeg-06-04-02-02-02-05,仅直接表示指定商品或者服务的其他特点的,,
仅直接表示商品或服务的生产工艺,仅直接表示商品或服务的生产工艺,,high,1,1,trademark-exam-guide-2021:tmeg-06-04-02-02-02-05,仅直接表示指定商品或者服务的生产工艺的,,
仅直接表示商品或服务的重量、数量,仅直接表示商品或服务的重量、数量,,high,1,1,trademark-exam-guide-2021:tmeg-06-04-02-02-02-04,仅直接表示指定商品或者服务的重量、数量的,,
进口专利产品,进口专利产品,,high,1,1,infringement-guide:infr-05-01,进口专利产品，是指将落入产品专利权利要求保护范围的产品、依照专利方法直接获得的,,
禁止权利滥用原则,禁止权利滥用原则,防止权利滥用原则,high,1,1,trademark-exam-guide-2021:tmeg-06-01-01-05,禁止权利滥用原则指一切民事权利的行使，均不得超过其正当界限,,
警衔,警衔,,high,1,1,trademark-exam-guide-2021:tmeg-06-03-02-02-08-03-07,警衔包括五等十三级，如总警监（副总警监）、警监、警督、警司、警员等,,
举证责任倒置,举证责任倒置,,high,1,1,patent-law:law-07-03,应当提供其产品制造方法不同于专利方法的证明,,
决定的理由,决定的理由,,high,1,1,examination-guideline:04-01-06,决定的理由部分应当阐明审查决定所依据的法律、法规条款的规定,,
决定要点,决定要点,,high,1,1,examination-guideline:04-01-06,决定要点是决定正文中理由部分的实质性概括和核心论述,,
绝对理由,绝对理由,,high,1,1,trademark-exam-guide-2021:tmeg-06-01-02-01-01,绝对理由涉及违反商标法上的显著性、非功能性以及公共利益，不考虑对特定权利人的影响,,
军旗,军旗,,high,1,1,trademark-exam-guide-2021:tmeg-06-03-02-01-02,“军旗”是国家正式规定的代表本国军队的旗帜,,
军旗、军徽、军歌相同或者近似,军旗、军徽、军歌相同或者近似,,high,1,1,trademark-exam-guide-2021:tmeg-06-03-02-02-01-03,足以使公众将其与军旗、军徽、军歌相联系的,,
军衔,军衔,,high,1,1,trademark-exam-guide-2021:tmeg-06-03-02-02-08-03-07,军队的军衔包括将官三级即上将、中将、少将，校官四级即大校、上校、中校、少校,,
开放许可声明的撤回,开放许可声明的撤回,撤回开放许可声明,high,1,1,examination-guideline:05-11-04,专利权人可以依据专利法实施细则第八十六条规定或者基于其他正当理由撤回开放许可声明,,
科学理论,科学理论,,high,1,1,examination-guideline:02-01-04-01,科学理论是对自然界认识的总结，是更为广义的发现,,
可作为商标注册的标志,可作为商标注册的标志,,high,1,1,trademark-exam-guide-2021:tmeg-06-08-02,可作为商标注册的标志,,
客观存在及声誉证明材料,客观存在及声誉证明材料,,high,1,1,trademark-exam-guide-2021:tmeg-06-09-07-05-07,地理标志客观存在及其声誉证明材料可以是原件,,
口头审理通知,口头审理通知,,high,1,1,examination-guideline:04-04-03,合议组应当向当事人发出口头审理通知，通知进行口头审理的日期和地点等事项,,
扣留申请,扣留申请,,high,1,1,customs-ip-protection-2018:cusr-03-01,可以向货物进出境地海关提出扣留侵权嫌疑货物的申请,,
扣留申请书,扣留申请书,,high,1,1,customs-ip-protection-2018:cusr-03-02,申请书应当包括下列主要内容,,
快递方式提交,快递方式提交,,high,1,1,trademark-exam-guide-2021:tmeg-01-04-03-02-02,以快递方式提交的，以快递企业收寄日为准,,
扩展检索,扩展检索,,high,1,1,examination-guideline:02-07-06,扩展检索是在功能类似或应用类似的技术领域进行的检索。,,
滥用知识产权,滥用知识产权,,high,1,1,anti-monopoly-law-2022:aml-08-01,经营者滥用知识产权，排除、限制竞争的行为,,
连续三年不使用注册商标,连续三年不使用注册商标,,high,1,1,trademark-exam-guide-2021:tmeg-06-17-06-04-01,连续三年不使用注册商标,,
连续使用,连续使用,,high,1,1,trademark-exam-guide-2021:tmeg-06-17-06-01,连续使用注册商标,,
两个以上行政区划地名简称组成的商标,两个以上行政区划地名简称组成的商标,,high,1,1,trademark-exam-guide-2021:tmeg-06-03-02-02-09-01-03,商标由两个或者两个以上行政区划的地名的简称组成,,
烈士姓名,烈士姓名,,high,1,1,trademark-exam-guide-2021:tmeg-06-03-02-02-08-03-10,与烈士姓名相同或者含有烈士姓名的标志，且容易使公众将其与烈士姓名产生联想的,,
六面正投影视图,六面正投影视图,,high,1,1,examination-guideline:01-03-04-02,六面正投影视图的视图名称，是指主视图、后视图、左视图、右视图、俯视图和仰视图,,
垄断协议的适用除外情形,垄断协议的适用除外情形,,high,1,1,anti-monopoly-law-2022:aml-02-05,经营者能够证明所达成的协议属于下列情形之一的,,
轮候保全,轮候保全,,high,1,1,examination-guideline:05-07-07,可以轮候保全。专利局应当进行轮候登记,,
罗马数字,罗马数字,,high,1,1,trademark-exam-guide-2021:tmeg-02-02-08,罗马数字不划分数字分卡，按英文字母划分英文分卡,,
马德里商标国际注册后续业务,马德里商标国际注册后续业务,,high,1,1,trademark-exam-guide-2021:tmeg-04-02-02,国内申请人马德里商标国际注册后续业务共九项,,
马库什要素,马库什要素,,high,1,1,examination-guideline:02-10-08,这种可选择要素称为马库什要素,,
民间信仰,民间信仰,,high,1,1,trademark-exam-guide-2021:tmeg-06-03-02-02-08-03-05,本指南中的民间信仰主要指妈祖等民间信仰。,,
民事公益诉讼,民事公益诉讼,,high,1,1,anti-monopoly-law-2022:aml-07-05,设区的市级以上人民检察院可以依法向人民法院提起民事公益诉讼,,
民事责任优先承担,民事责任优先承担,,high,1,1,anti-unfair-competition-2025:aucl-04-13,民事责任优先承担,,
民事主体,民事主体,,high,1,1,trademark-exam-guide-2021:tmeg-06-09-07-05-02,地理标志集体商标和地理标志证明商标的申请人首先应为民事主体,,
摹仿,摹仿,,high,1,1,trademark-exam-guide-2021:tmeg-06-10-05-05-02,摹仿是指系争商标抄袭他人驰名商标,,
农民专业合作社,农民专业合作社,,high,1,1,trademark-exam-guide-2021:tmeg-06-09-07-03-01-01,农民专业合作社是在农村家庭承包经营基础上，农产品的生产运营者,,
排除法,排除法,,high,1,1,examination-guideline:02-10-05,权利要求采取排除法撰写形式，即指明不含C，则该权利要求仍有新颖性,,
判断客体,判断客体,,high,1,1,examination-guideline:04-05-03,将进行比较的对象称为判断客体,,
批准文件,批准文件,,high,1,1,trademark-exam-guide-2021:tmeg-06-09-07-05-03,由该县、市人民政府或者行业主管部门出具批准文件,,
品质标准,品质标准,,high,1,1,trademark-exam-guide-2021:tmeg-06-09-07-03-02-03,使用证明商标的商品或者服务的品质应当高于国家标准,,
品种权的终止,品种权的终止,,high,1,1,plant-variety-regulations-2025:pvpr-06-03,有下列情形之一的，品种权在其保护期限届满前终止,,
品种权强制许可,品种权强制许可,,high,1,1,plant-variety-regulations-2025:pvpr-02-07,国务院农业农村、林业草原主管部门可以作出实施品种权强制许可的决定,,
品种权人,品种权人,品种权所有人,high,1,1,plant-variety-regulations-2025:pvpr-02-01,品种权所有人（以下称品种权人）,,
品种权无效,品种权无效,,high,1,1,plant-variety-regulations-2025:pvpr-06-04,对不符合本条例第十五条至第十八条规定的，宣告品种权无效,,
评审范围,评审范围,,high,1,1,trademark-exam-guide-2021:tmeg-01-04-03-03,属于驳回复审案件的评审范围,,
破坏证据,破坏证据,,high,1,1,ip-evidence-rules-2020:ipev-14,实施其他破坏证据的行为，致使证据不能使用的,,
普通形式的阿拉伯数字,普通形式的阿拉伯数字,,high,1,1,trademark-exam-guide-2021:tmeg-06-04-02-02-03-03,普通形式的阿拉伯数字,,
期满未续展注销,期满未续展注销,,high,1,1,trademark-exam-guide-2021:tmeg-03-02-06-04,核准该注册商标期满未续展注销,,
期限的起算日,期限的起算日,起算日,high,1,1,examination-guideline:05-07-02,大部分法定期限是自申请日、优先权日、授权公告日等固定日期起计算的,,
其他关系,其他关系,,high,1,1,trademark-exam-guide-2021:tmeg-06-12-02-04-01,其他关系是指双方商业往来之外的其他关系,,
其他缺乏显著特征的,其他缺乏显著特征的,,high,1,1,trademark-exam-guide-2021:tmeg-06-04-02-01-03,其他缺乏显著特征的标志，是指前述两项规定以外的,,
歧视性措施,歧视性措施,,high,1,1,ic-layout-regulations-2026:icld-06-04,歧视性的禁止、限制或者其他类似措施,,
企事业单位简称,企事业单位简称,,high,1,1,trademark-exam-guide-2021:tmeg-06-03-02-02-08-02-03,但其整体是企事业单位简称,,
企业组织形式,企业组织形式,,high,1,1,trademark-exam-guide-2021:tmeg-06-04-02-02-03-09,其行业的组织形式，为行业公用,,
起诉期限,起诉期限,,high,1,1,patent-law:law-06-16,可以自收到通知之日起三个月内向人民法院起诉,,
前置审查意见,前置审查意见,,high,1,1,examination-guideline:04-02-03,前置审查意见分为下列三种类型,,
请求无效宣告,请求无效宣告,,high,1,1,trademark-exam-guide-2021:tmeg-06-01-02-04,请求无效宣告案件，应当针对当事人申请和答辩的事实、理由及请求进行审理,,
区分措施,区分措施,,high,1,1,trademark-exam-guide-2021:tmeg-03-02-01-06,能够避免混淆的区分措施主要是指，转、受让双方已达成相关协议或完成股份结构调整,,
曲艺作品,曲艺作品,,high,1,1,copyright-law-rules-2013:cplr-04,曲艺作品，是指相声、快书、大鼓、评书等以说唱为主要形式表演的作品,,
取得显著特征,取得显著特征,,high,1,1,trademark-exam-guide-2021:tmeg-06-06-05-02-02-05,经过长期或广泛使用起到了区分商品来源作用的，可以取得显著特征,,
取得专利权的药品,取得专利权的药品,,high,1,1,implementation-rules:rule-06-05,取得专利权的药品，是指解决公共健康问题所需的医药领域中的任何专利产品或者依照专利方法直接获得的产品,,
全部注销申请,全部注销申请,,high,1,1,trademark-exam-guide-2021:tmeg-04-02-07-03,全部注销申请，可涉及多个国际注册号,,
全部转让,全部转让,,high,1,1,trademark-exam-guide-2021:tmeg-04-02-05-04,全部转让申请，可涉及多个国际注册号,,
权利的部分放弃,权利的部分放弃,,high,1,1,examination-guideline:06-01-03,该部分放弃的生效日为国际局登记之日,,
权利要求的进一步限定,权利要求的进一步限定,,high,1,1,examination-guideline:04-03-04,权利要求的进一步限定是指在权利要求中补入其他权利要求中记载的一个或者多个技术特征,,
权利要求的删除,权利要求的删除,,high,1,1,examination-guideline:04-03-04,权利要求的删除是指从权利要求书中去掉某项或者某些项权利要求,,
确保效率原则,确保效率原则,,high,1,1,trademark-exam-guide-2021:tmeg-01-01-02-03,审查员应在符合规定的情况下尽可能缩短形式审查周期,,
人类胚胎干细胞,人类胚胎干细胞,,high,1,1,examination-guideline:02-10-09-01,人类胚胎干细胞不属于处于各个形成和发育阶段的人体,,
日常用语,日常用语,日常生活用语,high,1,1,trademark-exam-guide-2021:tmeg-06-04-02-02-03-12,属于日常生活用语，已被公众广泛使用,,
融合细胞,融合细胞,,high,1,1,examination-guideline:02-10-09-03,融合细胞可通过限定亲本细胞，融合细胞的功能和特征,,
三年时间期限,三年时间期限,,high,1,1,trademark-exam-guide-2021:tmeg-01-05-01-05,要求注册人提供的使用证据所覆盖的三年时间期限,,
色彩,色彩,,high,1,1,examination-guideline:01-03-07,色彩，是指用于产品上的颜色或者颜色的组合，制造该产品所用材料的本色不是外观设计的,,
删减不予核准,删减不予核准,,high,1,1,trademark-exam-guide-2021:tmeg-04-06-05-02-02,有下列情形之一的，删减不予核准,,
删减无效,删减无效,,high,1,1,trademark-exam-guide-2021:tmeg-04-06-05-02-03,该删减申请在中国无效,,
删减终局,删减终局,,high,1,1,trademark-exam-guide-2021:tmeg-04-06-05-03,删减终局决定,,
商标代理服务,商标代理服务,,high,1,1,trademark-exam-guide-2021:tmeg-06-13-04-01,商标代理服务是指商标代理机构接受委托人的委托，以委托人的名义办理商标注册申请,,
商标的使用,商标的使用,,high,1,1,trademark-exam-guide-2021:tmeg-06-01-03-06,商标的使用，是指将商标用于商品、商品包装或者容器以及商品交易文书上,,
商标电子申请用户,商标电子申请用户,,high,1,1,trademark-exam-guide-2021:tmeg-05-07-01,商标电子申请用户是指将商标申请文件以符合规定的电子文件形式,,
商标更正申请,商标更正申请,,high,1,1,trademark-exam-guide-2021:tmeg-03-01-04-05,商标更正申请的范围应为商标申请文件或者注册文件的明显错误,,
商标名称的修改,商标名称的修改,,high,1,1,trademark-exam-guide-2021:tmeg-02-02-02-02,商标名称的修改,,
商标申请号,商标申请号,,high,1,1,trademark-exam-guide-2021:tmeg-05-01-04-02,给出相应的商标申请号,,
商标申请声明,商标申请声明,,high,1,1,trademark-exam-guide-2021:tmeg-01-02-03-01-03,应当在“商标申请声明”栏声明,,
商标申请书,商标申请书,,high,1,1,trademark-exam-guide-2021:tmeg-05-01-03-02,商标申请书应当使用 A4纸打字或者印刷,,
商标使用许可提前终止备案,商标使用许可提前终止备案,,high,1,1,trademark-exam-guide-2021:tmeg-03-02-02-07,商标使用许可提前终止备案,,
商标使用在指定服务上的具体表现形式,商标使用在指定服务上的具体表现形式,,high,1,1,trademark-exam-guide-2021:tmeg-06-17-06-04-04,商标使用在指定服务上的具体表现形式,,
商标使用在指定商品上的具体表现形式,商标使用在指定商品上的具体表现形式,,high,1,1,trademark-exam-guide-2021:tmeg-06-17-06-04-03,商标使用在指定商品上的具体表现形式,,
商标使用证据,商标使用证据,,high,1,1,trademark-exam-guide-2021:tmeg-06-17-06-04-02,商标使用证据,,
商标数字证书,商标数字证书,,high,1,1,trademark-exam-guide-2021:tmeg-05-07-02,视为承认该“商标数字证书”电子签名的法律效力,,
商标图形要素分类,商标图形要素分类,,high,1,1,trademark-exam-guide-2021:tmeg-02-03-01,商标图形要素分类是为方便图形商标的事先查询和审查而做的一项基础性工作,,
商标文字检索要素分类,商标文字检索要素分类,,high,1,1,trademark-exam-guide-2021:tmeg-02-02-01,商标文字检索要素分类是为方便文字商标的事先查询和审查而做的一项基础性工作,,
商标异议申请驳回,商标异议申请驳回,,high,1,1,trademark-exam-guide-2021:tmeg-01-03-09,商标异议申请驳回,,
商标整体构成有别于地名,商标整体构成有别于地名,,high,1,1,trademark-exam-guide-2021:tmeg-06-03-02-02-09-01-05,商标由组成地名的文字和其他文字构成，整体构成有别于地名，不易使消费者联想到地名,,
商标注册档案,商标注册档案,,high,1,1,trademark-exam-guide-2021:tmeg-05-05-01,商标注册档案，是指在商标注册申请、异议、撤销、复审、无效等过程中形成的,,
商标注册申请日,商标注册申请日,,high,1,1,trademark-exam-guide-2021:tmeg-05-01-05-01,商标注册的申请日期以商标注册部门收到申请文件的日期为准,,
商标注册实质审查,商标注册实质审查,,high,1,1,trademark-exam-guide-2021:tmeg-06-01-02-02,商标注册实质审查工作负责审查商标注册申请是否存在法律禁止使用的情形,,
商标注册授权,商标注册授权,,high,1,1,trademark-exam-guide-2021:tmeg-06-11-02-05,被代理人、被代表人所作出授权的内容应当包括代理人、代表人可以注册的商品或者服务,,
商品包装或容器的三维形状,商品包装或容器的三维形状,,high,1,1,trademark-exam-guide-2021:tmeg-06-06-05-02-02-02,仅以商品包装或容器的三维形状申请注册三维标志商标的,,
商品的外包装,商品的外包装,,high,1,1,trademark-exam-guide-2021:tmeg-06-04-02-02-03-05,商品的外包装,,
商品分类原则,商品分类原则,,high,1,1,trademark-exam-guide-2021:tmeg-02-01-04-01,商品分类原则,,
商品和服务分类表,商品和服务分类表,,high,1,1,trademark-exam-guide-2021:tmeg-01-02-03-01-05,商品和服务分类表见商标注册部门对外发布的《类似商品和服务区分表》,,
商品或者服务项目名称,商品或者服务项目名称,,high,1,1,trademark-exam-guide-2021:tmeg-01-02-03-01-05,项目名称应表述清晰、准确，符合提交申请时施行的商品和服务分类表的分类原则,,
商品与服务类似,商品与服务类似,,high,1,1,trademark-exam-guide-2021:tmeg-06-01-03-04,商品与服务类似，是指商品和服务之间具有较大关联性,,
商品自身的三维形状,商品自身的三维形状,,high,1,1,trademark-exam-guide-2021:tmeg-06-06-05-02-02-01,仅以商品自身的三维形状申请注册三维标志商标的,,
商品自身性质产生的三维形状,商品自身性质产生的三维形状,,high,1,1,trademark-exam-guide-2021:tmeg-06-06-05-02-03-01,三维标志仅由商品自身性质产生的三维形状组成,,
设计构思相同,设计构思相同,,high,1,1,examination-guideline:01-03-09,设计构思相同，是指各产品的设计风格是统一的,,
社会主义道德风尚,社会主义道德风尚,,high,1,1,trademark-exam-guide-2021:tmeg-06-03-02-01-08,我国公众共同生活及其行为的准则、规范以及在一定时期内社会上流行的良好风气,,
涉案专利,涉案专利,,high,1,1,examination-guideline:04-05-03,被请求宣告无效的外观设计专利简称涉案专利,,
涉及计算机程序的发明,涉及计算机程序的发明,,high,1,1,examination-guideline:02-09-01,本章所说的涉及计算机程序的发明是指为解决发明提出的问题,,
涉及图形用户界面的产品外观设计,涉及图形用户界面的产品外观设计,,high,1,1,examination-guideline:01-03-04-05,涉及图形用户界面的产品外观设计是指产品设计要点包括图形用户界面的设计,,
摄制权,摄制权,,high,1,1,copyright-law-2020:cpl-02-01-02,摄制权，即以摄制视听作品的方法将作品固定在载体上的权利,,
申请人基本情况,申请人基本情况,,high,1,1,trademark-exam-guide-2021:tmeg-06-02-05-03-01,申请人基本情况,,
申请人名称全称,申请人名称全称,,high,1,1,trademark-exam-guide-2021:tmeg-06-04-02-02-03-10,仅有申请人（不包括自然人）名称全称的,,
申请注册权利范围,申请注册权利范围,,high,1,1,trademark-exam-guide-2021:tmeg-04-04-02-02,商标的申请注册权利范围以国际局公告的外文原文为准,,
生产经营活动,生产经营活动,,high,1,1,trademark-exam-guide-2021:tmeg-01-02-04-03-05,从事生产经营活动,,
生物材料样品国际保藏单位,生物材料样品国际保藏单位,,high,1,1,examination-guideline:01-01-05,国家知识产权局认可的生物材料样品国际保藏单位,,
声音要素划分原则,声音要素划分原则,,high,1,1,trademark-exam-guide-2021:tmeg-02-04-04,根据声音商标是否具有音乐性质确定声音要素编码,,
省级行政区划地名,省级行政区划地名,,high,1,1,trademark-exam-guide-2021:tmeg-06-09-07-02-04-03,上述3.4.1、3.4.2中地名为省级行政区划的，除分别满足上述条件外,,
剩余大组,剩余大组,,high,1,1,examination-guideline:01-04-04-04,则将该技术主题分入以类号99/00表示的专门的剩余大组,,
时间顺序原则,时间顺序原则,,high,1,1,examination-guideline:05-04-02,时间顺序原则。当事人依法向专利局办理各种手续时,,
时事新闻,时事新闻,,high,1,1,copyright-law-rules-2013:cplr-05,时事新闻，是指通过报纸、期刊、广播电台、电视台等媒体报道的单纯事实消息,,
实施控制,实施控制,,high,1,1,trademark-exam-guide-2021:tmeg-06-03-02-01-04,是指有关官方机构根据法律的规定，掌握和监督某些产品的质量、精度的行为,,
实用新型专利申请的初步审查,实用新型专利申请的初步审查,,high,1,1,examination-guideline:01-02-01,受理实用新型专利申请之后、授予专利权之前的一个必要程序,,
实质审查标准,实质审查标准,,high,1,1,trademark-exam-guide-2021:tmeg-04-04-02-03,实质审查标准与国内商标注册申请实质审查标准相同,,
实质审查程序的恢复,实质审查程序的恢复,,high,1,1,examination-guideline:02-08-07,专利局恢复实质审查程序,,
实质审查程序的中止,实质审查程序的中止,,high,1,1,examination-guideline:02-08-07,实质审查程序可能因专利申请权归属纠纷的当事人根据专利法实施细则,,
实质审查程序的终止,实质审查程序的终止,,high,1,1,examination-guideline:02-08-07,或者因申请人主动撤回申请，或者因申请被视为撤回而终止,,
实质审查请求之日,实质审查请求之日,,high,1,1,examination-guideline:05-09-02,实质审查请求之日是指申请人依照专利法第三十五条第一款规定提出实质审查请求,,
实质性差异,实质性差异,,high,1,1,trademark-exam-guide-2021:tmeg-06-03-02-02-07-02-05,与申请人名义不符的，判定为与申请人名义存在实质性差异,,
实质性非侵权用途,实质性非侵权用途,,high,1,1,infringement-guide:infr-05-02,具备实质性意义且具有“实质性非侵权用途”为判断标准,,
实质性价值,实质性价值,,high,1,1,trademark-exam-guide-2021:tmeg-06-06-05-02-03-03,三维标志仅由使商品具有实质性价值的三维形状组成,,
实质性内容,实质性内容,,high,1,1,trademark-exam-guide-2021:tmeg-03-01-04-05,更换商标权利主体、改变权利内容或权利保护范围的，均属于涉及实质性内容,,
实质性派生品种制度,实质性派生品种制度,,high,1,1,plant-variety-regulations-2025:pvpr-02-02,国家分步实施实质性派生品种制度,,
使用的证据材料,使用的证据材料,,high,1,1,trademark-exam-guide-2021:tmeg-06-17-05,前款所称使用的证据材料,,
使用获得显著性,使用获得显著性,,high,1,1,trademark-exam-guide-2021:tmeg-06-01-03-02,使用获得显著性则是商标通过不断地实际使用获得的,,
事后反悔,事后反悔,,high,1,1,trademark-exam-guide-2021:tmeg-06-11-02-05,被代理人、被代表人事后反悔的，仍应认定代理人、代表人取得了被代理人,,
事后追认,事后追认,,high,1,1,trademark-exam-guide-2021:tmeg-06-11-02-05,该申请注册行为进行了事后追认的，视为代理人、代表人取得了被代理人、被代表人的授权,,
视为放弃取得专利权,视为放弃取得专利权,,high,1,1,examination-guideline:05-09-01,应当发出视为放弃取得专利权通知书,,
视为未办理登记手续,视为未办理登记手续,,high,1,1,implementation-rules:rule-10-05,期满未缴纳或者未缴足的，视为未办理登记手续,,
适于工业应用,适于工业应用,,high,1,1,examination-guideline:01-03-07,适于工业应用，是指该外观设计能应用于产业上并形成批量生产。,,
收到文件回执,收到文件回执,,high,1,1,examination-guideline:05-03-03,专利局出具收到文件回执，回执上应注明受理部门收到日,,
受保护的布图设计,受保护的布图设计,,high,1,1,ic-layout-regulations-2026:icld-04-01,受保护的布图设计以登记的布图设计的复制件或者图样所显示的为准,,
受理部门,受理部门,,high,1,1,examination-guideline:05-03-01,专利局受理部门包括专利局初审及流程管理部受理处,,
受让人资格,受让人资格,,high,1,1,trademark-exam-guide-2021:tmeg-04-06-04-02,受让人资格,,
署名推定,署名推定,,high,1,1,copyright-law-2020:cpl-02-02-02,在作品上署名的自然人、法人或者非法人组织为作者,,
数据电文方式提交,数据电文方式提交,,high,1,1,trademark-exam-guide-2021:tmeg-01-04-03-02-02,以数据电文方式提交的，以商标注册部门收到商标数据电文申请文件的时间为准,,
数字分卡,数字分卡,,high,1,1,trademark-exam-guide-2021:tmeg-02-02-08,含有阿拉伯数字的，划分数字分卡；含有汉字数字的，划分汉字分卡,,
说明书及附图的解释作用,说明书及附图的解释作用,,high,1,1,patent-law:law-07-01,说明书及附图可以用于解释权利要求的内容,,
送达,送达,,high,1,1,trademark-exam-guide-2021:tmeg-01-05-02-05,视为送达,,
诉前行为保全,诉前行为保全,,high,1,1,patent-law:law-07-09,可以在起诉前依法向人民法院申请采取财产保全、责令作出一定行为或者禁止作出一定行为,,
诉前证据保全,诉前证据保全,,high,1,1,patent-law:law-07-10,可以在起诉前依法向人民法院申请保全证据,,
他人未经申请人同意而泄露其内容,他人未经申请人同意而泄露其内容,,high,1,1,examination-guideline:01-01-06-03,他人未经申请人同意而泄露其内容所造成的公开,,
特别授权的委托书,特别授权的委托书,,high,1,1,examination-guideline:04-03-03,代理人需要具有特别授权的委托书,,
特定地点的名称或者标志性建筑物的名称,特定地点的名称或者标志性建筑物的名称,,high,1,1,trademark-exam-guide-2021:tmeg-06-03-02-01-01,“特定地点的名称或者标志性建筑物的名称”包括“全国人民代表大会”“国务院”,,
特定关系人,特定关系人,,high,1,1,trademark-exam-guide-2021:tmeg-06-12-02-04-04,虽非以特定关系人名义申请注册，但有证据证明,,
特定关系人抢注他人在先使用商标,特定关系人抢注他人在先使用商标,,high,1,1,trademark-exam-guide-2021:tmeg-06-12-02-02,特定关系人抢注他人在先使用商标,,
提交日,提交日,,high,1,1,trademark-exam-guide-2021:tmeg-01-04-03-02-02,提交日是指评审申请提交的时间,,
天然物质,天然物质,,high,1,1,examination-guideline:02-10-02,其结构、形态或者其他物理化学参数是现有技术中不曾认识的,,
听觉感知,听觉感知,,high,1,1,trademark-exam-guide-2021:tmeg-06-08-04-02-03-01,两件声音商标的听觉感知或整体音乐形象相同或者近似,,
通用表格,通用表格,,high,1,1,copyright-law-2020:cpl-01-05,通用表格,,
通用或常用物品的三维形状,通用或常用物品的三维形状,,high,1,1,trademark-exam-guide-2021:tmeg-06-06-05-02-02-03,服务行业为了提供服务使用的通用或常用物品的三维形状,,
通用名称、图形、型号,通用名称、图形、型号,,high,1,1,trademark-exam-guide-2021:tmeg-06-04-02-01-01,“通用名称、图形、型号”是指国家标准、行业标准规定的,,
通用数表,通用数表,,high,1,1,copyright-law-2020:cpl-01-05,通用数表,,
同类独立权利要求,同类独立权利要求,,high,1,1,examination-guideline:02-06-02-02,所述的“同类”是指独立权利要求的类型相同,,
突出的实质性特点和显著的进步,突出的实质性特点和显著的进步,,high,1,1,oa-response-guide:oa-02-08,具备突出的实质性特点和显著的进步,,
突发事件,突发事件,,high,1,1,trademark-exam-guide-2021:tmeg-06-03-02-02-08-03-08,突发事件是指突然发生，造成或者可能造成严重社会危害,,
图案,图案,,high,1,1,examination-guideline:01-03-07,图案，是指由任何线条、文字、符号、色块的排列或者组合而在产品的表面构成的图形。,,
图案和色彩结合的外观设计,图案和色彩结合的外观设计,,high,1,1,examination-guideline:04-05-03,图案和色彩结合的外观设计是指请求保护色彩的并且不限定边界的平面产品的,,
图书脱销,图书脱销,,high,1,1,copyright-law-rules-2013:cplr-29,视为著作权法第三十二条所称图书脱销,,
图形轮廓,图形轮廓,,high,1,1,trademark-exam-guide-2021:tmeg-01-02-03-01-04-03-01,该图形轮廓不是商标构成要素，必须以虚线表示，不得以实线表示,,
图形商标相同,图形商标相同,,high,1,1,trademark-exam-guide-2021:tmeg-06-05-03-03-02,图形商标相同，是指商标图形在构图要素、表现形式等视觉上基本无差别,,
退款的效力,退款的效力,,high,1,1,trademark-exam-guide-2021:tmeg-05-02-04-03-03,被退款的款项，视为未缴纳,,
退款请求人,退款请求人,,high,1,1,trademark-exam-guide-2021:tmeg-05-02-04-03-01,退款请求人应当是该款项的缴款人,,
外观设计分类,外观设计分类,,high,1,1,examination-guideline:01-03-12,外观设计分类是针对使用该外观设计的产品进行的,,
外观设计实质相同,外观设计实质相同,,high,1,1,examination-guideline:04-05-05,外观设计实质相同的判断仅限于相同或者相近种类的产品外观设计,,
外观设计相同主题,外观设计相同主题,,high,1,1,examination-guideline:04-05-09,外观设计相同主题的认定应当根据在后申请的外观设计与其首次申请中表示的内容进行判断,,
外观设计要素,外观设计要素,,high,1,1,examination-guideline:04-05-05,其中外观设计要素是指形状、图案以及色彩,,
外观设计专利权的保护范围,外观设计专利权的保护范围,,high,1,1,patent-law:law-07-01,外观设计专利权的保护范围以表示在图片或者照片中的该产品的外观设计为准,,
外国部分优先权,外国部分优先权,,high,1,1,examination-guideline:02-03-04,故称为外国部分优先权,,
外国首次申请,外国首次申请,,high,1,1,examination-guideline:02-03-04,在外国第一次提出专利申请（以下简称外国首次申请）,,
完全确定的化合物,完全确定的化合物,完全确定,high,1,1,examination-guideline:01-04-08,被认为是“完全确定”的化合物是指,,
网络不正当竞争行为,网络不正当竞争行为,,high,1,1,anti-unfair-competition-2025:aucl-02-07,网络不正当竞争行为,,
网络流行表情包,网络流行表情包,,high,1,1,trademark-exam-guide-2021:tmeg-06-04-02-02-03-13,网络流行表情包,,
网络流行词汇,网络流行词汇,网络流行用语,high,1,1,trademark-exam-guide-2021:tmeg-06-04-02-02-03-13,网络流行词汇和流行表情包是指在互联网上比较广泛使用的语言、表情包,,
微生物的分类命名,微生物的分类命名,,high,1,1,examination-guideline:02-10-09-02,经保藏的微生物应以分类鉴定的微生物株名、种名、属名进行表述,,
微生物发明,微生物发明,,high,1,1,examination-guideline:02-01-04-04,所谓微生物发明是指利用各种细菌、真菌、病毒等微生物去生产一种化学物质,,
违反法律的发明创造,违反法律的发明创造,,high,1,1,implementation-rules:rule-01-10,违反法律的发明创造，不包括仅其实施为法律所禁止的发明创造,,
委托创作,委托创作,,high,1,1,ic-layout-regulations-2026:icld-02-05,受委托创作的布图设计,,
委托人章戳(签字),委托人章戳（签字）,,high,1,1,trademark-exam-guide-2021:tmeg-01-01-05-02,委托人章戳（签字）应当清晰完整,,
委托作品,委托作品,,high,1,1,copyright-law-2020:cpl-02-02-09,受委托创作的作品，著作权的归属由委托人和受托人通过合同约定,,
为获得技术效果而需有的商品三维形状,为获得技术效果而需有的商品三维形状,,high,1,1,trademark-exam-guide-2021:tmeg-06-06-05-02-03-02,三维标志仅由为获得技术效果而需有的商品三维形状组成,,
无效宣告理由和证据的补充,无效宣告理由和证据的补充,增加理由或者补充证据,high,1,1,implementation-rules:rule-04-07,增加理由或者补充证据,,
无效宣告请求客体,无效宣告请求客体,,high,1,1,examination-guideline:04-03-03,无效宣告请求的客体应当是已经公告授权的专利,,
无效宣告请求期限,无效宣告请求期限,,high,1,1,trademark-exam-guide-2021:tmeg-06-10-04,自商标注册之日起五年内,,
无需经过创造性劳动就能够想到,无需经过创造性劳动就能够想到,,high,1,1,infringement-guide:infr-02-03,无需经过创造性劳动就能够想到，是指对于本领域普通技术人员而言，被诉侵权技术,,
五年时间限制,五年时间限制,,high,1,1,trademark-exam-guide-2021:tmeg-06-10-05-07,不受五年的时间限制,,
舞蹈作品,舞蹈作品,,high,1,1,copyright-law-rules-2013:cplr-04,舞蹈作品，是指通过连续的动作、姿势、表情等表现思想情感的作品,,
戏剧作品,戏剧作品,,high,1,1,copyright-law-rules-2013:cplr-04,戏剧作品，是指话剧、歌剧、地方戏等供舞台演出的作品,,
显著经济意义的重大技术进步,显著经济意义的重大技术进步,,high,1,1,patent-law:law-06-09,具有显著经济意义的重大技术进步,,
县级以上行政区划,县级以上行政区划,,high,1,1,trademark-exam-guide-2021:tmeg-06-03-02-01-09,包括县级行政区划，如县、自治县、县级市、市辖区等,,
现有设计特征,现有设计特征,,high,1,1,examination-guideline:04-05-06,现有设计特征，是指现有设计的部分设计要素或者其结合,,
线路构造,线路构造,,high,1,1,examination-guideline:01-02-06,构成产品的元器件之间的确定的连接关系,,
相对理由,相对理由,,high,1,1,trademark-exam-guide-2021:tmeg-06-01-02-01-02,相对理由涉及损害他人的在先商标权利、他人现有的其他在先权利等,,
相关公众的一般注意力,相关公众的一般注意力,,high,1,1,trademark-exam-guide-2021:tmeg-06-01-03-03,相关公众的一般注意力，可以理解为具有普通知识和经验的消费者,,
相近种类的产品,相近种类的产品,,high,1,1,examination-guideline:04-05-05,相近种类的产品是指用途相近的产品,,
相同侵权,相同侵权,字面含义上的侵权,high,1,1,infringement-guide:infr-02-02,被诉侵权技术方案包含了与权利要求限定的一项完整技术方案记载的全部技术特征相同,,
相同种类产品,相同种类产品,,high,1,1,examination-guideline:04-05-05,相同种类产品是指用途完全相同的产品,,
向外国申请专利,向外国申请专利,,high,1,1,examination-guideline:05-05-06,向外国申请专利是指向外国国家或外国政府间专利合作组织设立的专利主管机构,,
肖像画,肖像画,,high,1,1,trademark-exam-guide-2021:tmeg-06-14-02-02-05-02,将他人的肖像画作为商标申请注册的,,
肖像照片,肖像照片,,high,1,1,trademark-exam-guide-2021:tmeg-06-14-02-02-05-02,将他人的肖像照片作为商标申请注册的，不以他人具有公众知名度为保护前提,,
新产品用途发明的创造性,新产品用途发明的创造性,,high,1,1,examination-guideline:02-10-06,对于新的化学产品，如果该用途不能从结构或者组成相似的已知产品预见到,,
新药相关技术方案,新药相关技术方案,,high,1,1,examination-guideline:05-09-03,指定权利要求未包括获得上市许可的新药相关技术方案的，不予期限补偿,,
新种,新种,,high,1,1,examination-guideline:02-10-09-02,当涉及的微生物属于新种时，要详细记载其分类学性质，要写明鉴定为新种的理由,,
行业关联性,行业关联性,,high,1,1,trademark-exam-guide-2021:tmeg-06-03-02-02-07-01-03,申请注册的标识、文字等所指示的含义或物品与申请注册的商品无行业关联性的除外,,
形状、图案和色彩结合的外观设计,形状、图案和色彩结合的外观设计,,high,1,1,examination-guideline:04-05-03,形状、图案和色彩结合的外观设计是指请求保护色彩的产品的形状、图案和色彩设计,,
形状和色彩结合的外观设计,形状和色彩结合的外观设计,,high,1,1,examination-guideline:04-05-03,形状和色彩结合的外观设计是指请求保护色彩的无图案产品的形状和色彩设计,,
形状和图案结合的外观设计,形状和图案结合的外观设计,,high,1,1,examination-guideline:04-05-03,形状和图案结合的外观设计是指未请求保护色彩的产品的形状和图案设计,,
姓名,姓名,,high,1,1,trademark-exam-guide-2021:tmeg-06-14-02-02-04-01,他人的姓名包括本名、笔名、艺名、译名、别名等,,
修改更正通知书,修改更正通知书,,high,1,1,examination-guideline:05-03-04,审查员应当发出修改更正通知书,,
许可期限,许可期限,,high,1,1,trademark-exam-guide-2021:tmeg-03-02-02-05,许可期限不得超出注册商标的有效期限,,
续展备案,续展备案,,high,1,1,customs-ip-protection-2018:cusr-02-04,可以在知识产权海关保护备案有效期届满前6个月内，向海关总署申请续展备案,,
勋章相同或者近似,勋章相同或者近似,,high,1,1,trademark-exam-guide-2021:tmeg-06-03-02-02-01-04,足以使公众将其与勋章相联系的,,
巡回口头审理,巡回口头审理,,high,1,1,examination-guideline:04-04-02,复审和无效审理部可以进行巡回口头审理，就地审理办案,,
衍生物,衍生物,,high,1,1,examination-guideline:02-10-09-03,由于“衍生物”含义不仅是指由该微生物产生的新的微生物菌株,,
演绎作品,演绎作品,,high,1,1,copyright-law-2020:cpl-02-02-03,改编、翻译、注释、整理已有作品而产生的作品,,
样品或者模型,样品或者模型,,high,1,1,implementation-rules:rule-02-16,样品或者模型的体积不得超过30厘米×30厘米×30厘米,,
要素变更的发明,要素变更的发明,,high,1,1,examination-guideline:02-04-04,包括要素关系改变的发明、要素替代的发明和要素省略的发明,,
要素关系改变的发明,要素关系改变的发明,,high,1,1,examination-guideline:02-04-04,是指发明与现有技术相比，其形状、尺寸、比例、位置及作用关系等发生了变化,,
要素省略的发明,要素省略的发明,,high,1,1,examination-guideline:02-04-04,是指省去已知产品或者方法中的某一项或者多项要素的发明,,
要素替代的发明,要素替代的发明,,high,1,1,examination-guideline:02-04-04,是指已知产品或者方法的某一要素由其他已知要素替代的发明,,
一并变更,一并变更,,high,1,1,trademark-exam-guide-2021:tmeg-03-01-01-05,商标注册人对其注册的全部商标，应当一并变更,,
一个或者两个普通表现形式的字母,一个或者两个普通表现形式的字母,,high,1,1,trademark-exam-guide-2021:tmeg-06-04-02-02-03-02,一个或者两个普通表现形式的字母,,
一品种一权,一品种一权,,high,1,1,plant-variety-regulations-2025:pvpr-02-04,一品种一权与先申请原则,,
依职权宣告无效,依职权宣告无效,,high,1,1,trademark-exam-guide-2021:tmeg-06-01-02-07,商标注册部门依职权宣告注册商标无效,,
依职权宣告无效复审,依职权宣告无效复审,,high,1,1,trademark-exam-guide-2021:tmeg-06-01-02-04,依职权宣告无效复审案件，应当针对宣告无效决定和申请人申请复审的事实、理由及请求,,
遗传工程,遗传工程,,high,1,1,examination-guideline:02-10-09-02,术语“遗传工程”指基因重组、细胞融合等人工操作基因的技术,,
遗传功能,遗传功能,,high,1,1,examination-guideline:02-01-03,遗传功能是指生物体通过繁殖将性状或者特征代代相传或者使整个生物体得以复制的能力,,
遗传功能单位,遗传功能单位,,high,1,1,examination-guideline:02-01-03,遗传功能单位是指生物体的基因或者具有遗传功能的DNA或者RNA片段,,
遗传资源的原始来源,遗传资源的原始来源,原始来源,high,1,1,examination-guideline:02-10-09-05,专利法所称遗传资源的原始来源，是指遗传资源所属的生物体在原生环境中的采集地,,
遗传资源的直接来源,遗传资源的直接来源,直接来源,high,1,1,examination-guideline:02-10-09-05,专利法所称遗传资源的直接来源，是指获取遗传资源的直接渠道,,
遗传资源来源的披露,遗传资源来源的披露,,high,1,1,examination-guideline:03-02-02,及专利法实施细则第二十九条和第一百二十六条：遗传资源来源的披露,,
已知产品用途发明的创造性,已知产品用途发明的创造性,,high,1,1,examination-guideline:02-10-06,对于已知产品的用途发明，如果该新用途不能从产品本身的结构、组成、分子量,,
以制备方法界定产品的技术特征,以制备方法界定产品的技术特征,,high,1,1,infringement-guide:infr-01-03,以制备方法界定产品的技术特征对于确定专利权的保护范围具有限定作用,,
以注册为主、以使用为补充的原则,以注册为主、以使用为补充的原则,,high,1,1,trademark-exam-guide-2021:tmeg-06-01-01-02,始终贯彻以注册为主、以使用为补充的原则,,
异议答辩,异议答辩,,high,1,1,trademark-exam-guide-2021:tmeg-01-03-04-01,被异议人应当在收到《商标异议答辩通知书》之日起30日内提交异议答辩材料,,
音乐性质的声音商标,音乐性质的声音商标,,high,1,1,trademark-exam-guide-2021:tmeg-02-04-02,音乐性质的声音商标，如一段乐曲，声音要素编码为 S1,,
音乐性质声音商标,音乐性质声音商标,,high,1,1,trademark-exam-guide-2021:tmeg-01-02-03-01-04-04-02,音乐性质声音商标应当用五线谱或简谱加以描述，并附加文字说明,,
音乐作品,音乐作品,,high,1,1,copyright-law-rules-2013:cplr-04,音乐作品，是指歌曲、交响乐等能够演唱或者演奏的带词或者不带词的作品,,
引用基础,引用基础,,high,1,1,mechanical-drafting-rules:mech-01-01-02,不得作为另一项多项从属权利要求的引用基础,,
应用分类,应用分类,,high,1,1,examination-guideline:01-04-04-02,若技术主题属于下列情况，则将该技术主题按应用分类,,
营利性主体,营利性主体,,high,1,1,trademark-exam-guide-2021:tmeg-06-09-07-05-02,公司和农民专业合作社等因是营利性主体,,
用途限定,用途限定,,high,1,1,examination-guideline:02-02-03-01,主题名称中含有用途限定的产品权利要求，其中的用途限定在确定该产品权利要求的保护范围时应当予以考虑,,
用途原则,用途原则,,high,1,1,examination-guideline:01-03-12,外观设计分类一般应遵循用途原则，不考虑制造该产品的材料,,
用物理化学参数表征的化学产品,用物理化学参数表征的化学产品,,high,1,1,examination-guideline:02-10-05,如果无法依据所记载的参数对由该参数表征的产品与对比文件公开的产品进行比较,,
用原子核变换方法所获得的物质,用原子核变换方法所获得的物质,,high,1,1,examination-guideline:02-01-04-05,用原子核变换方法所获得的物质，主要是指用加速器、反应堆以及其他核反应装置生产,,
优势地位,优势地位,,high,1,1,anti-unfair-competition-2025:aucl-02-09,滥用自身资金、技术、交易渠道、行业影响力等方面的优势地位,,
优先权有效,优先权有效,,high,1,1,trademark-exam-guide-2021:tmeg-01-02-05-03,优先权有效,,
邮寄方式送达,邮寄方式送达,,high,1,1,trademark-exam-guide-2021:tmeg-01-04-03-02-01,以邮寄方式送达的，申请人可以提交原审程序文书的邮政挂号信信封原件,,
邮寄方式提交,邮寄方式提交,,high,1,1,trademark-exam-guide-2021:tmeg-01-04-03-02-02,以邮寄方式提交的，以申请人寄出的邮戳日为准,,
邮寄送达,邮寄送达,,high,1,1,examination-guideline:05-06-02,邮寄送达文件是指通过邮局把通知和决定送交当事人,,
邮路查询时效,邮路查询时效,,high,1,1,examination-guideline:05-06-03,邮路查询时效为一年，自发文日起计算,,
予以保证,予以保证,,high,1,1,trademark-exam-guide-2021:tmeg-06-03-02-01-04,有关官方机构根据法律的规定，对质量、精度等方面达到一定要求的产品给予确认的行为,,
域外不正当竞争行为,域外不正当竞争行为,,high,1,1,anti-unfair-competition-2025:aucl-05-01,域外不正当竞争行为,,
原生环境,原生环境,,high,1,1,examination-guideline:02-10-09-05,原生环境是指该生物体的自然生长环境,,
原说明书和权利要求书,原说明书和权利要求书,,high,1,1,examination-guideline:03-02-03,原说明书和权利要求书是指原始提交的国际申请的权利要求书、说明书及其附图,,
原通道退款,原通道退款,,high,1,1,trademark-exam-guide-2021:tmeg-05-02-04-03-02,能够原通道退款的，如在线支付，进行原通道退款,,
原图片或者照片表示的范围,原图片或者照片表示的范围,,high,1,1,patent-law:law-03-08,不得超出原图片或者照片表示的范围,,
杂技艺术作品,杂技艺术作品,,high,1,1,copyright-law-rules-2013:cplr-04,杂技艺术作品，是指杂技、魔术、马戏等通过形体动作和技巧表现的作品,,
再次审查意见通知书,再次审查意见通知书,,high,1,1,examination-guideline:02-08-04-11,出现下列情况之一时，审查员应当再次发出审查意见通知书,,
在案使用证据,在案使用证据,,high,1,1,trademark-exam-guide-2021:tmeg-01-05-01-06,该部分证据可以作为在案使用证据参考采纳,,
在先被许可人,在先被许可人,,high,1,1,trademark-exam-guide-2021:tmeg-03-02-02-04,有证据表明许可行为损害在先被许可人利益的,,
在先权利转移证明,在先权利转移证明,,high,1,1,trademark-exam-guide-2021:tmeg-01-03-06-02-01,在先权利转移证明应当包含在先权利转移的双方主体、转移时间、权利范围和法律效力,,
在先权益,在先权益,,high,1,1,trademark-exam-guide-2021:tmeg-06-14-02-02-08-02,在先权益归属明确，合法存续,,
在先商标权,在先商标权,,high,1,1,examination-guideline:04-05-07,在先商标权是指在涉案专利申请日之前，他人在中华人民共和国法域内依法受到保护的商标,,
在原属国受法律保护的证明,在原属国受法律保护的证明,,high,1,1,trademark-exam-guide-2021:tmeg-06-09-07-05-09,申请人应当提供该地理标志以其名义在原属国受法律保护的证明,,
摘编,摘编,,high,1,1,copyright-law-2020:cpl-04-01-04,声明不得转载、摘编的外，其他报刊可以转载或者作为文摘、资料刊登,,
真实原则,真实原则,,high,1,1,examination-guideline:05-04-02,真实原则。收集的内容应当是申请人,,
整体保护,整体保护,,high,1,1,trademark-exam-guide-2021:tmeg-06-06-05-02-02-04-03,从整体上对其进行保护,,
整体分类,整体分类,,high,1,1,examination-guideline:01-04-04-01,应当尽可能地将技术主题作为一个整体来分类，而不是对其各个组成部分分别进行分类,,
整体音乐形象,整体音乐形象,,high,1,1,trademark-exam-guide-2021:tmeg-06-08-04-02-03-01,整体音乐形象相同或者近似,,
证据的合法性,证据的合法性,合法性,high,1,1,examination-guideline:04-08-04,合议组应当根据案件的具体情况，从以下方面审查证据的合法性,,
证据目录,证据目录,,high,1,1,trademark-exam-guide-2021:tmeg-01-04-03-04-03,应制作相应的证据目录，一并附在正文后,,
知名机构名称、标志,知名机构名称、标志,,high,1,1,trademark-exam-guide-2021:tmeg-06-03-02-02-07-02-07,教育院校、体育组织、环保组织、慈善组织等机构的名称、标志,,
知识产权,知识产权,,high,1,1,customs-ip-protection-2018:cusr-01-02,专利权(以下统称知识产权)实施的保护,,
直接表示商品特点,直接表示商品特点,,high,1,1,trademark-exam-guide-2021:tmeg-06-09-05,仅直接表示商品的质量、主要原料、功能、用途、重量、数量及其他特点的,,
直接递交,直接递交,,high,1,1,trademark-exam-guide-2021:tmeg-05-03-01-01-02,直接递交,,
直接涉及共有权利的手续,直接涉及共有权利的手续,,high,1,1,examination-guideline:01-01-04-01,直接涉及共有权利的手续包括：提出专利申请，委托专利代理,,
职务表演,职务表演,,high,1,1,copyright-law-2020:cpl-04-02-03,演员为完成本演出单位的演出任务进行的表演为职务表演,,
职务育种,职务育种,,high,1,1,plant-variety-regulations-2025:pvpr-02-03,执行本单位的任务或者主要是利用本单位的物质技术条件所完成的职务育种,,
植物新品种复审委员会,植物新品种复审委员会,复审委员会,high,1,1,plant-variety-regulations-2025:pvpr-05-06,设立植物新品种复审委员会（以下称复审委员会）,,
指定读音,指定读音,,high,1,1,trademark-exam-guide-2021:tmeg-02-02-04-01,商标图样中已标明读音的，按指定读音划分,,
指定管辖,指定管辖,,high,1,1,implementation-rules:rule-08-03,由国务院专利行政部门指定管辖,,
指定美国使用意图声明,指定美国使用意图声明,,high,1,1,trademark-exam-guide-2021:tmeg-04-01-05-07,指定美国使用意图声明,,
指定商品的容器或者装饰性图案,指定商品的容器或者装饰性图案,,high,1,1,trademark-exam-guide-2021:tmeg-06-04-02-02-03-06,指定商品的容器或者装饰性图案,,
指定商品相同或包含关系,指定商品相同或包含关系,,high,1,1,trademark-exam-guide-2021:tmeg-06-09-07-05-01-02,仅以其指定商品相同或包含关系为基础,,
质权登记变更,质权登记变更,,high,1,1,trademark-exam-guide-2021:tmeg-03-02-03-04,并向商标注册部门提交质权登记变更申请,,
质权登记期限,质权登记期限,,high,1,1,trademark-exam-guide-2021:tmeg-03-02-03-02-04,质权登记期限应以质押合同为依据,,
质权登记申请,质权登记申请,,high,1,1,trademark-exam-guide-2021:tmeg-03-02-03-02-01,质权登记申请应以纸质申请方式提交,,
质权登记延期,质权登记延期,,high,1,1,trademark-exam-guide-2021:tmeg-03-02-03-05,提交质权登记延期申请,,
质权登记注销,质权登记注销,,high,1,1,trademark-exam-guide-2021:tmeg-03-02-03-06,提交质权登记注销申请,,
质押合同,质押合同,,high,1,1,trademark-exam-guide-2021:tmeg-03-02-03-02-03,质押合同可以是单独的合同，也可以是主合同中的质押条款,,
中国在后申请,中国在后申请,,high,1,1,examination-guideline:02-03-04,又在中国提出专利申请（以下简称中国在后申请）,,
中间体与最终产物的单一性,中间体与最终产物的单一性,,high,1,1,examination-guideline:02-10-08,中间体与最终产物有相同的基本结构单元，或者它们的化学结构在技术上密切相关,,
中间文件,中间文件,,high,1,1,examination-guideline:05-10-04,中间文件，其公开日在外观设计专利的申请日与所要求的优先权日之间的文件,,
中药材,中药材,,high,1,1,examination-guideline:02-11-02,经过产地加工得到的中药材,,
中药产品的制药用途,中药产品的制药用途,,high,1,1,examination-guideline:02-11-02,（4）中药产品的制药用途。,,
中药提取物,中药提取物,,high,1,1,examination-guideline:02-11-02,（4）中药提取物；,,
中药饮片,中药饮片,,high,1,1,examination-guideline:02-11-02,经过炮制加工得到的中药饮片,,
中药原料变更的组方发明,中药原料变更的组方发明,,high,1,1,examination-guideline:02-11-05,中药原料变更的组方发明，是指发明以现有技术某一已知方为基础方,,
中药制剂,中药制剂,,high,1,1,examination-guideline:02-11-02,（5）中药制剂。,,
中止调查,中止调查,,high,1,1,anti-monopoly-law-2022:aml-06-08,反垄断执法机构可以决定中止调查,,
中止口头审理,中止口头审理,,high,1,1,examination-guideline:04-04-06,有下列情形之一的，合议组可以宣布中止口头审理,,
中止期限,中止期限,,high,1,1,examination-guideline:05-07-07,中止期限一般不得超过一年，即自中止请求之日起满一年的,,
终止实施强制许可的决定,终止实施强制许可的决定,,high,1,1,patent-law:law-06-13,作出终止实施强制许可的决定,,
重要地名以外的地名拼音商标,重要地名以外的地名拼音商标,,high,1,1,trademark-exam-guide-2021:tmeg-06-03-02-02-09-01-04,省、自治区、直辖市、特别行政区，省会城市、计划单列市、著名的旅游城市以外的地名,,
重要赛事、展会、考古发现名称,重要赛事、展会、考古发现名称,,high,1,1,trademark-exam-guide-2021:tmeg-06-03-02-02-07-02-08,重要赛事、重要展会、重大考古发现名称（含规范简称）、标志等相同或者近似的,,
重组载体,重组载体,,high,1,1,examination-guideline:02-10-09-03,重组载体可通过限定至少一个基因和载体来描述,,
主送,主送,,high,1,1,trademark-exam-guide-2021:tmeg-01-05-01-04-01,主送给该商标最近业务代理机构,,
主送当事人,主送当事人,,high,1,1,trademark-exam-guide-2021:tmeg-01-05-02-05,主送当事人,,
主要是生物学的方法,主要是生物学的方法,,high,1,1,examination-guideline:02-01-04-04,一种方法是否属于“主要是生物学的方法”，取决于在该方法中人的技术介入程度,,
主要由当地的自然条件决定,主要由当地的自然条件决定,,high,1,1,trademark-exam-guide-2021:tmeg-06-09-07-05-06-01,主要由当地的自然条件决定的,,
主要由人文因素决定,主要由人文因素决定,,high,1,1,trademark-exam-guide-2021:tmeg-06-09-07-05-06-03,主要由人文因素决定的,,
注意程度,注意程度,注意力,high,1,1,trademark-exam-guide-2021:tmeg-06-05-03-02-02-03,应考虑相关公众购买商品或者服务的注意程度,,
著作权集体管理组织,著作权集体管理组织,,high,1,1,copyright-law-2020:cpl-01-08,著作权集体管理组织是非营利法人,,
专利纠纷调解,专利纠纷调解,,high,1,1,implementation-rules:rule-08-08,可以对下列专利纠纷进行调解,,
专利开放许可实施合同,专利开放许可实施合同,,high,1,1,examination-guideline:05-11-06,并依照公告支付许可使用费的，专利开放许可实施合同生效,,
专利开放许可实施期间,专利开放许可实施期间,,high,1,1,examination-guideline:05-11-08,专利开放许可实施期间是指专利开放许可实施合同生效之日至专利许可期限届满期间,,
专利年费减缴,专利年费减缴,专利年费的减缴,high,1,1,examination-guideline:05-11-08,专利权人可以在专利开放许可实施期间，按规定享有自备案日起尚未到期的专利年费的减缴,,
专利侵权,专利侵权,侵犯专利权,high,1,1,patent-law:law-07-02,未经专利权人许可，实施其专利，即侵犯其专利权,,
专利权期满终止,专利权期满终止,专利权期满终止日,high,1,1,examination-guideline:05-09-04,发明专利权的期限为二十年，实用新型专利权期限为十年，外观设计专利权期限为十五年，,,
专利权宣告无效的追溯力,专利权宣告无效的追溯力,,high,1,1,patent-law:law-05-06,不具有追溯力,,
专利权终止通知书,专利权终止通知书,,high,1,1,examination-guideline:05-09-04,审查员应当发出专利权终止通知书,,
专利审查档案,专利审查档案,,high,1,1,infringement-guide:infr-01-03,本指南所称专利审查档案，包括专利审查、复审、无效程序中专利申请人,,
专利业务办理系统,专利业务办理系统,,high,1,1,examination-guideline:05-01-09,专利业务办理系统是专利局指定的特定电子系统,,
专门性问题,专门性问题,,high,1,1,ip-evidence-rules-2020:ipev-19,专门性问题,,
专用产品,专用产品,,high,1,1,infringement-guide:infr-05-02,为生产经营目的向他人提供该专用产品,,
专用容器,专用容器,,high,1,1,trademark-exam-guide-2021:tmeg-02-01-04-01,是指专门用于，即该专门容器为盛放该商品进行了专门的设计，具有特殊的形状和样式,,
转让补正,转让补正,,high,1,1,trademark-exam-guide-2021:tmeg-04-06-03-06,转让补正,,
转让不予核准,转让不予核准,,high,1,1,trademark-exam-guide-2021:tmeg-04-06-03-10,转让不予核准,,
转让申请人,转让申请人,,high,1,1,trademark-exam-guide-2021:tmeg-04-02-05-02-01,转让申请人必须是以国家知识产权局为原属局的马德里国际注册商标注册人,,
转让无效,转让无效,,high,1,1,trademark-exam-guide-2021:tmeg-04-06-03-07,转让无效,,
转让终局,转让终局,,high,1,1,trademark-exam-guide-2021:tmeg-04-06-03-08,转让终局,,
转售价格维持,转售价格维持,,high,1,1,anti-monopoly-law-2022:aml-02-03,限定向第三人转售商品的最低价格,,
转载,转载,,high,1,1,copyright-law-2020:cpl-04-01-04,声明不得转载、摘编的外，其他报刊可以转载或者作为文摘、资料刊登,,
追偿权,追偿权,,high,1,1,plant-variety-regulations-2025:pvpr-05-07,临时保护期的追偿权,,
追溯力,追溯力,,high,1,1,plant-variety-regulations-2025:pvpr-06-05,以及已经履行的品种权实施许可合同和品种权转让合同，不具有追溯力,,
自繁自用,自繁自用,,high,1,1,plant-variety-regulations-2025:pvpr-02-06,（二）农民自繁自用授权品种的繁殖材料,,
自然因素和人文因素均起主要决定作用,自然因素和人文因素均起主要决定作用,,high,1,1,trademark-exam-guide-2021:tmeg-06-09-07-05-06-02,自然因素和人文因素均起主要决定作用的,,
自始不存在,自始不存在,,high,1,1,plant-variety-regulations-2025:pvpr-06-05,被宣告无效的品种权视为自始不存在,,
自行改变注册商标的其他注册事项,自行改变注册商标的其他注册事项,,high,1,1,trademark-exam-guide-2021:tmeg-06-17-06-02,自行改变注册商标的其他注册事项，是指除注册商标,,
自行改变注册商标的注册人地址,自行改变注册商标的注册人地址,,high,1,1,trademark-exam-guide-2021:tmeg-06-17-06-02,自行改变注册商标的注册人地址，是指商标注册人地址,,
自行改变注册商标的注册人名义,自行改变注册商标的注册人名义,,high,1,1,trademark-exam-guide-2021:tmeg-06-17-06-02,自行改变注册商标的注册人名义，是指商标注册人名义,,
自组方发明,自组方发明,,high,1,1,examination-guideline:02-11-05,自组方发明，是指未以已知方为基础，而是依据中医药理论和用药经验进行直接遣药组方,,
宗教,宗教,,high,1,1,trademark-exam-guide-2021:tmeg-06-03-02-02-08-03-05,本指南中的“宗教”包括佛教、道教、伊斯兰教、基督教、天主教等,,
宗教活动场所,宗教活动场所,,high,1,1,trademark-exam-guide-2021:tmeg-06-03-02-02-08-03-05,宗教团体、宗教院校、宗教活动场所、宗教教职人员可以依法兴办公益慈善事业,,
纵向垄断协议,纵向垄断协议,,high,1,1,anti-monopoly-law-2022:aml-02-03,禁止经营者与交易相对人达成下列垄断协议,,
组合发明,组合发明,,high,1,1,examination-guideline:02-04-04,是指将某些技术方案进行组合，构成一项新的技术方案,,
组合库,组合库,,high,1,1,examination-guideline:01-04-08,当技术主题以“库”的形式表示由很多化合物、生物实体或者其他物质组成的集合时,,
组合商标相同,组合商标相同,,high,1,1,trademark-exam-guide-2021:tmeg-06-05-03-03-03,组合商标相同，是指商标的文字构成、图形外观及其排列组合方式基本相同,,
组合物发明,组合物发明,,high,1,1,chemistry-drafting-rules:chem-01-03-01,组合物发明（是指各组分混合得到的产品）,,
组合物权利要求,组合物权利要求,,high,1,1,examination-guideline:02-10-04,组合物权利要求应当用组合物的组分或者组分和含量等组成特征来表征,,
组织、帮助达成垄断协议,组织、帮助达成垄断协议,,high,1,1,anti-monopoly-law-2022:aml-02-04,经营者不得组织其他经营者达成垄断协议或者为其他经营者达成垄断协议提供实质性帮助,,
最低限度数据库,最低限度数据库,,high,1,1,examination-guideline:02-07-08,最低限度数据库一般情况下应当包括中国专利文摘类数据库、中国专利全文类数据库、外文,,
a类文件,A类文件,,high,1,1,examination-guideline:02-07-12,A：背景技术文件，即反映权利要求的部分技术特征或者有关的现有技术的文件；,,
l类文件,L类文件,,high,1,1,examination-guideline:02-07-12,L：除X、Y、A、R、P、E和T类文件之外的原因引用的文件。,,
notificationofceasingofeffect,Notification of Ceasing of Effect,,high,1,1,trademark-exam-guide-2021:tmeg-04-01-07-02,通知书式为 Notification of Ceasing of Effect,,
px类文件,PX类文件,,high,1,1,examination-guideline:02-08-04-06,即该对比文件构成PX或PY类文件,,
py类文件,PY类文件,,high,1,1,examination-guideline:02-08-04-06,即该对比文件构成PX或PY类文件,,
r类文件,R类文件,,high,1,1,examination-guideline:02-07-12,R：任何单位或个人在申请日向专利局提交的、属于同样的发明创造的专利或专利申请文件,,
t类文件,T类文件,,high,1,1,examination-guideline:02-07-12,T：申请日或优先权日当天或之后公布的，可以对所要求保护发明的理论或原理提供清楚解,,
系争商标,系争商标,,mid,19,1,trademark-exam-guide-2021:tmeg-01-03-03-02；trademark-exam-guide-2021:tmeg-01-04-03-04-01；trademark-exam-guide-2021:tmeg-06-02-05-03-05；trademark-exam-guide-2021:tmeg-06-04-02-01-04；trademark-exam-guide-2021:tmeg-06-10-05-02-01,系争商标,,
商标网上服务系统,商标网上服务系统,,mid,17,1,trademark-exam-guide-2021:tmeg-01-01-05-01-01-03；trademark-exam-guide-2021:tmeg-01-04-03-04-01；trademark-exam-guide-2021:tmeg-04-01-02；trademark-exam-guide-2021:tmeg-04-01-05-07；trademark-exam-guide-2021:tmeg-04-02-02,通过商标网上服务系统提交申请的,,
国际注册号,国际注册号,,mid,14,2,examination-guideline:06-01-03；examination-guideline:06-01-04；trademark-exam-guide-2021:tmeg-04-02-03-04；trademark-exam-guide-2021:tmeg-04-02-04-03；trademark-exam-guide-2021:tmeg-04-02-05-04,原申请的申请号填写原申请的国际注册号,,
侵权嫌疑货物,侵权嫌疑货物,涉嫌侵犯专利权货物,mid,14,1,customs-ip-protection-2018:cusr-03-01；customs-ip-protection-2018:cusr-03-02；customs-ip-protection-2018:cusr-03-03；customs-ip-protection-2018:cusr-03-04；customs-ip-protection-2018:cusr-03-05,知识产权权利人发现侵权嫌疑货物即将进出口的,,
三维标志,三维标志,,mid,12,1,trademark-exam-guide-2021:tmeg-01-02-03-01-03；trademark-exam-guide-2021:tmeg-01-02-04-02-01；trademark-exam-guide-2021:tmeg-01-02-04-03-02；trademark-exam-guide-2021:tmeg-06-01-02-01-01；trademark-exam-guide-2021:tmeg-06-01-03-01,以三维标志、颜色组合、声音标志申请商标注册,,
形式审查的一般性要求,形式审查的一般性要求,,mid,11,1,trademark-exam-guide-2021:tmeg-01-05-01-09-01；trademark-exam-guide-2021:tmeg-01-05-02-03；trademark-exam-guide-2021:tmeg-03-02-02-06；trademark-exam-guide-2021:tmeg-03-02-03-02-02；trademark-exam-guide-2021:tmeg-03-02-03-04,形式审查的一般性要求,,
原属局,原属局,,mid,11,1,trademark-exam-guide-2021:tmeg-04-01-02；trademark-exam-guide-2021:tmeg-04-01-05-05；trademark-exam-guide-2021:tmeg-04-02-03-02；trademark-exam-guide-2021:tmeg-04-02-04-02；trademark-exam-guide-2021:tmeg-04-02-06-02,以国家知识产权局为原属局,,
被异议商标,被异议商标,,mid,10,1,trademark-exam-guide-2021:tmeg-01-03-03-03-01；trademark-exam-guide-2021:tmeg-01-03-03-03-04-02；trademark-exam-guide-2021:tmeg-01-03-03-04-03；trademark-exam-guide-2021:tmeg-01-03-07-01；trademark-exam-guide-2021:tmeg-01-03-08,被异议商标,,
反垄断执法机构,反垄断执法机构,,mid,10,1,anti-monopoly-law-2022:aml-06-01；anti-monopoly-law-2022:aml-06-02；anti-monopoly-law-2022:aml-06-03；anti-monopoly-law-2022:aml-06-04；anti-monopoly-law-2022:aml-06-05,反垄断执法机构依法对涉嫌垄断行为进行调查,,
国际注册簿,国际注册簿,,mid,10,1,trademark-exam-guide-2021:tmeg-04-01-07-03；trademark-exam-guide-2021:tmeg-04-02-03-04；trademark-exam-guide-2021:tmeg-04-02-04-03；trademark-exam-guide-2021:tmeg-04-02-05-04；trademark-exam-guide-2021:tmeg-04-02-06-03,与国际注册簿一致商标信息,,
有效商标,有效商标,,mid,10,1,trademark-exam-guide-2021:tmeg-04-05-01-02；trademark-exam-guide-2021:tmeg-04-06-01-02-01；trademark-exam-guide-2021:tmeg-04-06-02-02-01；trademark-exam-guide-2021:tmeg-04-06-03-09；trademark-exam-guide-2021:tmeg-04-06-04-09,应为有效商标或权利待定的商标,,
录音录像制品,录音录像制品,,mid,9,2,copyright-law-2020:cpl-02-02-06；copyright-law-2020:cpl-04-02-02；copyright-law-2020:cpl-04-03-01；copyright-law-2020:cpl-04-03-02；copyright-law-2020:cpl-04-03-03,制作录音录像制品,,
权利待定的商标,权利待定的商标,,mid,8,1,trademark-exam-guide-2021:tmeg-04-05-01-02；trademark-exam-guide-2021:tmeg-04-06-01-02-01；trademark-exam-guide-2021:tmeg-04-06-03-09；trademark-exam-guide-2021:tmeg-04-06-04-09；trademark-exam-guide-2021:tmeg-04-06-05-02-01,或权利待定的商标,,
显著识别部分,显著识别部分,,mid,8,1,trademark-exam-guide-2021:tmeg-06-05-03-04-01-02；trademark-exam-guide-2021:tmeg-06-05-03-04-01-03；trademark-exam-guide-2021:tmeg-06-05-03-04-01-04；trademark-exam-guide-2021:tmeg-06-05-03-04-01-12；trademark-exam-guide-2021:tmeg-06-05-03-04-01-13,中文商标的显著识别部分汉字构成相同,,
颜色组合,颜色组合,,mid,8,1,trademark-exam-guide-2021:tmeg-01-02-03-01-03；trademark-exam-guide-2021:tmeg-01-02-04-02-01；trademark-exam-guide-2021:tmeg-01-02-04-03-02；trademark-exam-guide-2021:tmeg-06-06-02；trademark-exam-guide-2021:tmeg-06-07-02,颜色组合,,
异议,异议,,mid,8,1,trademark-exam-guide-2021:tmeg-01-01-05-01-01-02；trademark-exam-guide-2021:tmeg-01-04-04-01；trademark-exam-guide-2021:tmeg-01-04-05-01；trademark-exam-guide-2021:tmeg-03-01-01-07-02；trademark-exam-guide-2021:tmeg-03-01-02-03,提出异议申请的，异议人应提交,,
商标说明,商标说明,,mid,7,1,trademark-exam-guide-2021:tmeg-01-02-03-01-04-02-01；trademark-exam-guide-2021:tmeg-01-02-03-01-04-02-02；trademark-exam-guide-2021:tmeg-01-02-03-01-04-03-02；trademark-exam-guide-2021:tmeg-01-02-03-01-04-04-03；trademark-exam-guide-2021:tmeg-06-07-04-02-01,申请人可在商标说明中对三维标志商标的图样作文字描述,,
续展,续展,,mid,7,1,trademark-exam-guide-2021:tmeg-01-01-05-01-01-01；trademark-exam-guide-2021:tmeg-01-05-01-04-02；trademark-exam-guide-2021:tmeg-03-02-03-03-03；trademark-exam-guide-2021:tmeg-04-06-06-02；trademark-exam-guide-2021:tmeg-05-01-04-03,国内法人或者其他组织办理注册、异议、变更、转让、续展等商标事宜,,
发明点,发明点,,mid,6,2,chemistry-drafting-rules:chem-01-02；chemistry-drafting-rules:chem-02-01；mechanical-drafting-rules:mech-01-03-01；mechanical-drafting-rules:mech-01-03-02；mechanical-drafting-rules:mech-01-03-03,“体现发明点的主要技术方案”，一般是指本申请中最核心的主题的技术方案,,
国际注册商标,国际注册商标,,mid,6,1,trademark-exam-guide-2021:tmeg-04-05-02-04；trademark-exam-guide-2021:tmeg-04-05-03-02-06；trademark-exam-guide-2021:tmeg-04-05-03-03-01；trademark-exam-guide-2021:tmeg-04-05-03-03-02；trademark-exam-guide-2021:tmeg-04-06-06-02,涉及的国际注册商标和国内商标均为有效商标,,
国际转让,国际转让,,mid,6,1,trademark-exam-guide-2021:tmeg-04-02-02；trademark-exam-guide-2021:tmeg-04-02-12-02；trademark-exam-guide-2021:tmeg-04-02-12-03；trademark-exam-guide-2021:tmeg-04-05-03-03-03；trademark-exam-guide-2021:tmeg-04-05-03-03-04,国际转让,,
混淆误认,混淆误认,,mid,6,1,trademark-exam-guide-2021:tmeg-03-02-01-06；trademark-exam-guide-2021:tmeg-06-04-02-02-03-10；trademark-exam-guide-2021:tmeg-06-06-05-02-04-01-03；trademark-exam-guide-2021:tmeg-06-08-04-02-03-01；trademark-exam-guide-2021:tmeg-06-08-04-02-03-02,容易导致混淆、误认,,
商标注册证,商标注册证,注册证,mid,6,1,trademark-exam-guide-2021:tmeg-03-01-04-02；trademark-exam-guide-2021:tmeg-03-02-05-02；trademark-exam-guide-2021:tmeg-05-04-04-03；trademark-exam-guide-2021:tmeg-05-04-04-04；trademark-exam-guide-2021:tmeg-05-04-04-05-02,商标注册证,,
市场竞争秩序,市场竞争秩序,,mid,6,2,anti-monopoly-law-2022:aml-01-14；anti-unfair-competition-2025:aucl-01-02；anti-unfair-competition-2025:aucl-01-03；anti-unfair-competition-2025:aucl-01-04；anti-unfair-competition-2025:aucl-01-06,维护市场竞争秩序,,
视为撤回通知书,视为撤回通知书,,mid,6,1,examination-guideline:01-02-03；examination-guideline:01-03-03；examination-guideline:01-03-05；examination-guideline:03-01-03；examination-guideline:03-01-05-10,审查员应当根据情况发出视为撤回通知书或者其他通知书,,
引证商标,引证商标,,mid,6,1,trademark-exam-guide-2021:tmeg-01-04-03-05-03；trademark-exam-guide-2021:tmeg-03-02-01-06；trademark-exam-guide-2021:tmeg-04-05-03-02-03；trademark-exam-guide-2021:tmeg-06-02-05-05-03；trademark-exam-guide-2021:tmeg-06-05-03-02-02-05,未列明引证商标,,
争议商标,争议商标,,mid,6,1,trademark-exam-guide-2021:tmeg-06-11-02-06-01；trademark-exam-guide-2021:tmeg-06-11-02-06-02；trademark-exam-guide-2021:tmeg-06-12-02-05-01；trademark-exam-guide-2021:tmeg-06-14-02-02-04-03；trademark-exam-guide-2021:tmeg-06-14-02-02-05-03,争议商标的注册已构成2013年《商标法》第十五条第一款所指的代理人,,
被异议人,被异议人,,mid,5,1,trademark-exam-guide-2021:tmeg-01-03-03-04-03；trademark-exam-guide-2021:tmeg-04-03-03-01；trademark-exam-guide-2021:tmeg-04-03-03-03；trademark-exam-guide-2021:tmeg-06-01-02-03；trademark-exam-guide-2021:tmeg-06-02-05-05-04,被异议人与被异议商标的申请人不一致,,
补正通知,补正通知,,mid,5,1,trademark-exam-guide-2021:tmeg-01-01-02-01；trademark-exam-guide-2021:tmeg-01-04-03-05-06；trademark-exam-guide-2021:tmeg-03-01-01-06-03；trademark-exam-guide-2021:tmeg-03-01-01-07-01；trademark-exam-guide-2021:tmeg-03-02-01-02-04,补正通知等审查结果以书面形式通知申请人,,
初步审定公告,初步审定公告,,mid,5,1,trademark-exam-guide-2021:tmeg-01-03-03-02；trademark-exam-guide-2021:tmeg-01-03-03-04-02；trademark-exam-guide-2021:tmeg-03-02-04-03；trademark-exam-guide-2021:tmeg-05-01-06-02-02；trademark-exam-guide-2021:tmeg-06-01-02-03,初步审定公告,,
代理机构,代理机构,,mid,5,2,plant-variety-regulations-2025:pvpr-04-01；trademark-exam-guide-2021:tmeg-01-05-01-09-01；trademark-exam-guide-2021:tmeg-01-05-01-09-02；trademark-exam-guide-2021:tmeg-03-02-01-07；trademark-exam-guide-2021:tmeg-04-01-05-06,可以直接或者委托代理机构向国务院农业农村、林业草原主管部门提出申请,,
个体工商户,个体工商户,,mid,5,1,trademark-exam-guide-2021:tmeg-01-01-05-01-02-01-02；trademark-exam-guide-2021:tmeg-03-02-01-03-01；trademark-exam-guide-2021:tmeg-03-02-01-09-01；trademark-exam-guide-2021:tmeg-05-05-03-02-01；trademark-exam-guide-2021:tmeg-05-05-03-03-02,如个体工商户营业执照、农村土地承包经营合同等,,
汉字分卡,汉字分卡,,mid,5,1,trademark-exam-guide-2021:tmeg-02-02-03；trademark-exam-guide-2021:tmeg-02-02-04-01；trademark-exam-guide-2021:tmeg-02-02-04-02；trademark-exam-guide-2021:tmeg-02-02-04-03；trademark-exam-guide-2021:tmeg-02-02-08,汉字分卡：风韵飘；风韵；飘,,
恢复权利请求费,恢复权利请求费,,mid,5,2,examination-guideline:03-01-05-02；examination-guideline:05-02-01；examination-guideline:05-07-06；implementation-rules:rule-10-01；implementation-rules:rule-10-07,缴纳恢复权利请求费、优先权要求费,,
技术手段,技术手段,,mid,5,1,examination-guideline:01-02-06；examination-guideline:02-01-02；examination-guideline:02-09-02；examination-guideline:02-09-06-01；examination-guideline:02-09-06-02,技术手段通常是由技术特征来体现的,,
马德里国际注册商标,马德里国际注册商标,,mid,5,1,trademark-exam-guide-2021:tmeg-01-04-03-02-01；trademark-exam-guide-2021:tmeg-01-05-01-03-02；trademark-exam-guide-2021:tmeg-03-02-01-05；trademark-exam-guide-2021:tmeg-04-02-10-02；trademark-exam-guide-2021:tmeg-04-02-11-02,马德里国际注册商标的送达,,
平面要素,平面要素,,mid,5,1,trademark-exam-guide-2021:tmeg-06-06-05-02-02-04-01；trademark-exam-guide-2021:tmeg-06-06-05-02-02-04-02；trademark-exam-guide-2021:tmeg-06-06-05-02-02-04-03；trademark-exam-guide-2021:tmeg-06-06-05-02-04-01-03；trademark-exam-guide-2021:tmeg-06-06-05-02-04-02-02,具有显著特征的平面要素组合而成,,
商标转让,商标转让,,mid,5,1,trademark-exam-guide-2021:tmeg-03-03-03；trademark-exam-guide-2021:tmeg-05-04-01-03；trademark-exam-guide-2021:tmeg-05-06-02；trademark-exam-guide-2021:tmeg-06-02-05-04；trademark-exam-guide-2021:tmeg-06-02-05-05-08,已办理商标转让申请手续的,,
声音标志,声音标志,,mid,5,1,trademark-exam-guide-2021:tmeg-01-02-03-01-03；trademark-exam-guide-2021:tmeg-01-02-03-01-04-04-01；trademark-exam-guide-2021:tmeg-01-02-04-02-01；trademark-exam-guide-2021:tmeg-01-02-04-03-02；trademark-exam-guide-2021:tmeg-06-08-03,声音标志,,
使用意图,使用意图,,mid,5,1,trademark-exam-guide-2021:tmeg-03-02-01-07；trademark-exam-guide-2021:tmeg-06-02-05-03-04；trademark-exam-guide-2021:tmeg-06-02-05-03-05；trademark-exam-guide-2021:tmeg-06-02-05-05-07；trademark-exam-guide-2021:tmeg-06-16-02-02-02-03,不能提供相关商标使用证据或说明使用意图的,,
异议人,异议人,,mid,5,1,trademark-exam-guide-2021:tmeg-01-03-02-01；trademark-exam-guide-2021:tmeg-04-03-03-03；trademark-exam-guide-2021:tmeg-04-03-05-01；trademark-exam-guide-2021:tmeg-06-01-02-03；trademark-exam-guide-2021:tmeg-06-02-05-05-04,异议人应符合,,
变更代理机构,变更代理机构,变更商标代理机构,mid,4,1,trademark-exam-guide-2021:tmeg-01-03-05-03；trademark-exam-guide-2021:tmeg-01-05-01-09-01；trademark-exam-guide-2021:tmeg-03-01-02-02；trademark-exam-guide-2021:tmeg-03-01-02-03,解除与原代理机构委托关系并委托新的代理机构的声明和新的代理委托书,,
布图设计登记,布图设计登记,,mid,4,1,ic-layout-regulations-2026:icld-01-05；ic-layout-regulations-2026:icld-05-05；ic-layout-regulations-2026:icld-06-01；ic-layout-regulations-2026:icld-06-02,申请布图设计登记,,
初步审定,初步审定,,mid,4,1,trademark-exam-guide-2021:tmeg-03-01-03-03；trademark-exam-guide-2021:tmeg-03-02-01-05；trademark-exam-guide-2021:tmeg-06-03-02-02-09-05；trademark-exam-guide-2021:tmeg-06-05-02,已经初步审定尚未注册的或已经核准注册的,,
存活证明,存活证明,,mid,4,2,examination-guideline:01-01-05；examination-guideline:03-01-05-05；implementation-rules:rule-02-11；implementation-rules:rule-11-08,自申请日起四个月内提交保藏单位出具的保藏证明和存活证明,,
答辩人,答辩人,,mid,4,1,trademark-exam-guide-2021:tmeg-01-03-04-01；trademark-exam-guide-2021:tmeg-04-03-03-02；trademark-exam-guide-2021:tmeg-04-03-03-03；trademark-exam-guide-2021:tmeg-04-03-03-04,答辩人应与被异议商标注册申请人名义一致,,
代理权限,代理权限,,mid,4,1,trademark-exam-guide-2021:tmeg-01-01-05-02；trademark-exam-guide-2021:tmeg-01-04-03-04-04；trademark-exam-guide-2021:tmeg-01-04-06；trademark-exam-guide-2021:tmeg-01-04-07,代理权限、代理事项及授权日期,,
单一性恢复费,单一性恢复费,,mid,4,2,examination-guideline:01-02-15；examination-guideline:03-01-07；examination-guideline:03-02-05；implementation-rules:rule-11-16,发出缴纳单一性恢复费通知书,,
电子申请,电子申请,,mid,4,2,examination-guideline:05-04-03；trademark-exam-guide-2021:tmeg-04-01-05-06；trademark-exam-guide-2021:tmeg-04-01-05-07；trademark-exam-guide-2021:tmeg-04-02-11-01,当事人以电子申请方式提交的电子文件,,
复审费,复审费,,mid,4,2,examination-guideline:03-01-07；examination-guideline:04-02-02；examination-guideline:05-02-01；implementation-rules:rule-10-01,国际申请的申请人缴纳复审费和年费确有困难的,,
复审和无效审理部,复审和无效审理部,复审和无效审理部门,mid,4,1,examination-guideline:02-08-08；examination-guideline:04-01-01；examination-guideline:04-02-02；examination-guideline:05-07-04,复审和无效审理部对复审请求进行受理和审查,,
公共资源,公共资源,,mid,4,1,trademark-exam-guide-2021:tmeg-06-02-05-03-03；trademark-exam-guide-2021:tmeg-06-02-05-05-06；trademark-exam-guide-2021:tmeg-06-16-02-01；trademark-exam-guide-2021:tmeg-06-16-02-02-02-01,景点名称、行业术语等公共资源,,
共有人,共有人,,mid,4,2,patent-law:law-01-14；trademark-exam-guide-2021:tmeg-03-02-01-03-02；trademark-exam-guide-2021:tmeg-03-02-02-03；trademark-exam-guide-2021:tmeg-03-03-03,共有人可以单独实施或者以普通许可方式许可他人实施该专利,,
国际放弃,国际放弃,,mid,4,1,trademark-exam-guide-2021:tmeg-04-02-02；trademark-exam-guide-2021:tmeg-04-02-12-02；trademark-exam-guide-2021:tmeg-04-06-08-02-01；trademark-exam-guide-2021:tmeg-04-06-08-02-02,国际放弃,,
国际公布,国际公布,,mid,4,2,examination-guideline:03-01-05-11；examination-guideline:03-01-06；examination-guideline:03-02-03；implementation-rules:rule-11-15,没有完成国际公布的申请,,
国际删减,国际删减,,mid,4,1,trademark-exam-guide-2021:tmeg-04-02-02；trademark-exam-guide-2021:tmeg-04-02-12-02；trademark-exam-guide-2021:tmeg-04-05-03-03-05；trademark-exam-guide-2021:tmeg-04-06-05-02-01,国际删减,,
国际条约,国际条约,,mid,4,2,copyright-law-rules-2013:cplr-33；copyright-law-rules-2013:cplr-34；copyright-law-rules-2013:cplr-35；patent-law:law-06-08,根据中国参加的国际条约对其表演享有的权利,,
国际注销,国际注销,,mid,4,1,trademark-exam-guide-2021:tmeg-04-02-02；trademark-exam-guide-2021:tmeg-04-02-12-02；trademark-exam-guide-2021:tmeg-04-06-06-03-01；trademark-exam-guide-2021:tmeg-04-06-06-03-02,国际注销,,
核准注册,核准注册,,mid,4,1,trademark-exam-guide-2021:tmeg-01-02-06-03-02；trademark-exam-guide-2021:tmeg-03-01-03-03；trademark-exam-guide-2021:tmeg-03-02-04-03；trademark-exam-guide-2021:tmeg-05-01-06-02-01,已核准注册,,
互惠原则,互惠原则,,mid,4,4,examination-guideline:01-01-04-01；implementation-rules:rule-09-04；patent-law:law-01-17；plant-variety-regulations-2025:pvpr-04-02,该国法律中是否订有依互惠原则给外国人以专利保护的条款,,
基本设计,基本设计,,mid,4,2,examination-guideline:01-03-04-03；examination-guideline:01-03-09；implementation-rules:rule-02-15；implementation-rules:rule-02-24,应当在简要说明中指定其中一项作为基本设计,,
鉴定人,鉴定人,,mid,4,1,ip-evidence-rules-2020:ipev-20；ip-evidence-rules-2020:ipev-21；ip-evidence-rules-2020:ipev-23；ip-evidence-rules-2020:ipev-29,鉴定人,,
扣留,扣留,,mid,4,1,customs-ip-protection-2018:cusr-03-09；customs-ip-protection-2018:cusr-03-13；customs-ip-protection-2018:cusr-03-14；customs-ip-protection-2018:cusr-04-02,自扣留之日起30个工作日内,,
类似群组,类似群组,,mid,4,1,trademark-exam-guide-2021:tmeg-01-02-04-03-05；trademark-exam-guide-2021:tmeg-04-06-05-04；trademark-exam-guide-2021:tmeg-04-06-07-04；trademark-exam-guide-2021:tmeg-06-09-07-05-01-02,类似群组,,
邻接权人,邻接权人,与著作权有关的权利人,mid,4,1,copyright-law-2020:cpl-01-04；copyright-law-2020:cpl-01-08；copyright-law-2020:cpl-05-08；copyright-law-2020:cpl-05-09,与著作权有关的权利人,,
领土延伸,领土延伸,,mid,4,1,trademark-exam-guide-2021:tmeg-01-05-01-03-02；trademark-exam-guide-2021:tmeg-03-02-01-05；trademark-exam-guide-2021:tmeg-04-05-03-02-01；trademark-exam-guide-2021:tmeg-05-04-02-04,领土延伸程序中部分驳回,,
排除、限制竞争,排除、限制竞争,,mid,4,1,anti-monopoly-law-2022:aml-01-07；anti-monopoly-law-2022:aml-05-02；anti-monopoly-law-2022:aml-05-07；anti-monopoly-law-2022:aml-07-03,排除、限制竞争,,
排除、限制竞争效果,排除、限制竞争效果,,mid,4,1,anti-monopoly-law-2022:aml-01-03；anti-monopoly-law-2022:aml-02-03；anti-monopoly-law-2022:aml-04-02；anti-monopoly-law-2022:aml-04-10,排除、限制竞争效果,,
权利要求,权利要求,,mid,4,2,examination-guideline:04-04-05；examination-guideline:04-04-11；examination-guideline:04-04-13；patent-law:law-07-01,放弃部分或全部权利要求,,
商誉,商誉,,mid,4,1,trademark-exam-guide-2021:tmeg-06-01-03-06；trademark-exam-guide-2021:tmeg-06-02-05-05-02；trademark-exam-guide-2021:tmeg-06-15-02-03-02；trademark-exam-guide-2021:tmeg-06-15-02-05,其所承载的商誉是通过商标的使用而获得的,,
申请费,申请费,,mid,4,3,examination-guideline:05-02-01；implementation-rules:rule-10-01；implementation-rules:rule-10-03；plant-variety-regulations-2025:pvpr-04-06,申请费的缴纳期限是自申请日起两个月内,,
实质审查费,实质审查费,,mid,4,2,examination-guideline:01-01-06-04；examination-guideline:03-01-05-09；examination-guideline:05-02-01；implementation-rules:rule-10-01,并在此期限内缴纳实质审查费,,
使用方式,使用方式,,mid,4,1,trademark-exam-guide-2021:tmeg-01-02-03-01-04-02-02；trademark-exam-guide-2021:tmeg-01-02-03-01-04-04-03；trademark-exam-guide-2021:tmeg-06-07-03；trademark-exam-guide-2021:tmeg-06-07-04-02-01,申请人应当在商标说明中说明三维标志商标在商品或服务上的使用方式,,
使用证据,使用证据,,mid,4,1,trademark-exam-guide-2021:tmeg-01-05-01-06；trademark-exam-guide-2021:tmeg-01-05-02-05；trademark-exam-guide-2021:tmeg-06-04-02-03；trademark-exam-guide-2021:tmeg-06-06-05-02-02-05,在规定期限内提交使用证据,,
提供使用证据通知,提供使用证据通知,,mid,4,1,trademark-exam-guide-2021:tmeg-01-05-01-04-02；trademark-exam-guide-2021:tmeg-01-05-01-05；trademark-exam-guide-2021:tmeg-01-05-01-06；trademark-exam-guide-2021:tmeg-01-05-01-08,《提供使用证据通知》,,
统一社会信用代码,统一社会信用代码,,mid,4,2,implementation-rules:rule-02-03；trademark-exam-guide-2021:tmeg-01-01-04-02-01-01-01；trademark-exam-guide-2021:tmeg-01-01-05-01-01-01；trademark-exam-guide-2021:tmeg-01-02-03-04,统一社会信用代码或者身份证件号码,,
违法所得,违法所得,,mid,4,2,copyright-law-2020:cpl-05-05；copyright-law-2020:cpl-05-06；copyright-law-2020:cpl-05-10；patent-law:law-07-05,没收违法所得,,
维持专利权,维持专利权,维持专利权的决定；维持专利权有效,mid,4,3,examination-guideline:04-03-05；examination-guideline:05-08-02；patent-law:law-05-05；implementation-rules:rule-04-09,在无效宣告程序中权利要求书需要修改后才能维持专利权的,,
误导公众,误导公众,,mid,4,1,trademark-exam-guide-2021:tmeg-06-10-02；trademark-exam-guide-2021:tmeg-06-10-05-03-02；trademark-exam-guide-2021:tmeg-06-14-02-02-04-03；trademark-exam-guide-2021:tmeg-06-14-02-02-06-01,误导公众，致使该驰名商标注册人的利益可能受到损害的,,
误认,误认,,mid,4,1,trademark-exam-guide-2021:tmeg-06-03-02-01-03；trademark-exam-guide-2021:tmeg-06-03-02-01-07；trademark-exam-guide-2021:tmeg-06-05-03-05；trademark-exam-guide-2021:tmeg-06-09-07-02-01,公众对产品或服务的来源等产生误认,,
细微差别,细微差别,,mid,4,1,trademark-exam-guide-2021:tmeg-06-05-03-03-01-01；trademark-exam-guide-2021:tmeg-06-05-03-03-01-02；trademark-exam-guide-2021:tmeg-06-05-03-03-01-03；trademark-exam-guide-2021:tmeg-06-05-03-03-01-04,仅文字的字体存在细微差别,,
刑事责任,刑事责任,,mid,4,2,anti-unfair-competition-2025:aucl-04-13；anti-unfair-competition-2025:aucl-04-17；customs-ip-protection-2018:cusr-04-03；customs-ip-protection-2018:cusr-04-04,刑事责任,,
意见陈述书,意见陈述书,,mid,4,2,examination-guideline:02-08-05-01；examination-guideline:03-01-05-12；examination-guideline:05-10-06；oa-response-guide:oa-02-08,申请人的答复可以仅仅是意见陈述书,,
原申请,原申请,,mid,4,2,examination-guideline:01-01-05；examination-guideline:02-06-03；implementation-rules:rule-03-07；implementation-rules:rule-03-08,分案申请应当在请求书中填写原申请的申请号和申请日,,
在先商标,在先商标,,mid,4,1,trademark-exam-guide-2021:tmeg-06-05-03-02-02-01；trademark-exam-guide-2021:tmeg-06-05-03-02-02-02；trademark-exam-guide-2021:tmeg-06-05-03-04-01-12；trademark-exam-guide-2021:tmeg-06-09-07-05-01-02,应考虑在先商标的显著性,,
真实使用意图,真实使用意图,,mid,4,1,trademark-exam-guide-2021:tmeg-06-01-01-05；trademark-exam-guide-2021:tmeg-06-02-05-01；trademark-exam-guide-2021:tmeg-06-02-05-05-01；trademark-exam-guide-2021:tmeg-06-02-05-05-08,应当有真实使用意图，以满足商标使用需求为目的,,
质权登记,质权登记,,mid,4,1,trademark-exam-guide-2021:tmeg-03-01-01-06-01；trademark-exam-guide-2021:tmeg-03-02-01-09-01；trademark-exam-guide-2021:tmeg-03-02-01-09-02；trademark-exam-guide-2021:tmeg-03-02-03-03-02,变更申请商标已经办理了质权登记或已被查封的,,
质押,质押,,mid,4,2,examination-guideline:05-08-01-02；trademark-exam-guide-2021:tmeg-01-05-01-04-02；trademark-exam-guide-2021:tmeg-03-01-01-07-02；trademark-exam-guide-2021:tmeg-03-02-02-04,专利权的质押、保全及其解除,,
专利性国际初步报告,专利性国际初步报告,,mid,4,1,examination-guideline:03-01-03；examination-guideline:03-01-07；examination-guideline:03-02-04；examination-guideline:03-02-05,专利性国际初步报告之后附有相应内容,,
字号,字号,,mid,4,2,anti-unfair-competition-2025:aucl-02-01；trademark-exam-guide-2021:tmeg-06-14-02-02-01-02；trademark-exam-guide-2021:tmeg-06-15-02-05；trademark-exam-guide-2021:tmeg-06-16-02-02-02-02,企业名称中的字号,,
保藏证明,保藏证明,,mid,3,2,examination-guideline:01-01-05；implementation-rules:rule-02-11；implementation-rules:rule-11-08,自申请日起四个月内提交保藏单位出具的保藏证明和存活证明,,
驰名商标保护记录,驰名商标保护记录,,mid,3,1,trademark-exam-guide-2021:tmeg-06-10-05-04-02；trademark-exam-guide-2021:tmeg-06-10-05-04-03；trademark-exam-guide-2021:tmeg-06-10-05-04-05,该商标作为驰名商标受保护的记录,,
答辩材料,答辩材料,,mid,3,1,trademark-exam-guide-2021:tmeg-01-04-04-01；trademark-exam-guide-2021:tmeg-01-04-04-02；trademark-exam-guide-2021:tmeg-04-03-03-04,答辩材料,,
电子档案,电子档案,,mid,3,1,trademark-exam-guide-2021:tmeg-05-05-01；trademark-exam-guide-2021:tmeg-05-05-02-02；trademark-exam-guide-2021:tmeg-05-05-02-03,电子档案,,
独占许可,独占许可,,mid,3,3,examination-guideline:05-11-03；implementation-rules:rule-06-02；patent-law:law-06-04,专利权处于独占或者排他许可有效期限内的,,
复审请求人,复审请求人,,mid,3,2,examination-guideline:04-04-05；implementation-rules:rule-04-01；implementation-rules:rule-04-04,由复审请求人进行陈述,,
复审通知书,复审通知书,,mid,3,2,examination-guideline:04-02-04；implementation-rules:rule-04-02；implementation-rules:rule-04-03,合议组应当发出复审通知书（包括复审请求口头审理通知书）,,
复制、摹仿或者翻译,复制、摹仿或者翻译,,mid,3,1,trademark-exam-guide-2021:tmeg-06-10-02；trademark-exam-guide-2021:tmeg-06-10-05-03-01；trademark-exam-guide-2021:tmeg-06-10-05-03-02,是复制、摹仿或者翻译他人未在中国注册的驰名商标,,
更正撤回,更正撤回,,mid,3,1,trademark-exam-guide-2021:tmeg-04-06-07-03-02；trademark-exam-guide-2021:tmeg-04-06-08-02-02；trademark-exam-guide-2021:tmeg-04-06-09-02-02,更正撤回或者有其他不符合法律规定的情形,,
公序良俗,公序良俗,,mid,3,1,trademark-exam-guide-2021:tmeg-03-02-01-07；trademark-exam-guide-2021:tmeg-06-14-02-02-04-03；trademark-exam-guide-2021:tmeg-06-14-02-02-05-03,社会公共利益、公共秩序或公序良俗,,
共有权利,共有权利,,mid,3,2,examination-guideline:05-01-08；trademark-exam-guide-2021:tmeg-01-01-04-01；trademark-exam-guide-2021:tmeg-05-01-03-02,办理直接涉及共有权利的手续,,
国际部分转让,国际部分转让,,mid,3,1,trademark-exam-guide-2021:tmeg-04-05-03-03-03；trademark-exam-guide-2021:tmeg-04-05-03-03-04；trademark-exam-guide-2021:tmeg-04-05-03-03-07,更正分拣为国际部分转让,,
国际检索报告,国际检索报告,,mid,3,1,examination-guideline:03-01-03；examination-guideline:03-01-07；examination-guideline:03-02-04,国际检索报告不包含在首次公布的国际公布文本A2中,,
国际阶段,国际阶段,,mid,3,1,implementation-rules:rule-11-05；implementation-rules:rule-11-06；implementation-rules:rule-11-16,在国际阶段，国际申请被撤回或者被视为撤回,,
国际商标公告,国际商标公告,,mid,3,1,trademark-exam-guide-2021:tmeg-04-03-02-01；trademark-exam-guide-2021:tmeg-04-03-02-03；trademark-exam-guide-2021:tmeg-04-03-02-05-02,世界知识产权组织《国际商标公告》出版的次月1日起算,,
合议组,合议组,,mid,3,1,examination-guideline:04-01-03；examination-guideline:04-02-04；examination-guideline:04-04-04,其中包括组长一人、主审员一人、参审员一或三人,,
核准,核准,,mid,3,1,trademark-exam-guide-2021:tmeg-03-01-02-04；trademark-exam-guide-2021:tmeg-03-01-03-04；trademark-exam-guide-2021:tmeg-03-01-04-06,可能作出的审查结论有补正、核准、不予核准三种,,
后续业务,后续业务,,mid,3,1,trademark-exam-guide-2021:tmeg-04-02-14；trademark-exam-guide-2021:tmeg-04-05-03-03-01；trademark-exam-guide-2021:tmeg-04-05-03-03-02,完成马德里商标国际注册后续业务形式审查之前,,
后续业务申请,后续业务申请,,mid,3,1,trademark-exam-guide-2021:tmeg-04-02-12-01；trademark-exam-guide-2021:tmeg-04-02-12-03；trademark-exam-guide-2021:tmeg-04-02-13,办理马德里商标国际注册各项后续业务申请时,,
经常居所,经常居所,,mid,3,3,examination-guideline:03-01-05-01；implementation-rules:rule-02-22；plant-variety-regulations-2025:pvpr-04-02,在中国内地没有经常居所或者营业所的外国申请人,,
来源混淆,来源混淆,,mid,3,1,trademark-exam-guide-2021:tmeg-06-05-03-02-02-01；trademark-exam-guide-2021:tmeg-06-05-03-02-02-04；trademark-exam-guide-2021:tmeg-06-05-03-02-02-05,判断是否易导致来源混淆,,
滥用职权,滥用职权,,mid,3,3,anti-unfair-competition-2025:aucl-04-16；customs-ip-protection-2018:cusr-04-04；patent-law:law-07-17,滥用职权,,
马德里国际注册商标注册人,马德里国际注册商标注册人,,mid,3,1,trademark-exam-guide-2021:tmeg-04-02-07-02；trademark-exam-guide-2021:tmeg-04-02-08-02；trademark-exam-guide-2021:tmeg-04-02-09-02,马德里国际注册商标注册人,,
民事责任,民事责任,,mid,3,3,anti-monopoly-law-2022:aml-07-05；anti-unfair-competition-2025:aucl-04-13；copyright-law-2020:cpl-05-04,给他人造成损失的，依法承担民事责任,,
排他许可,排他许可,,mid,3,3,examination-guideline:05-11-03；implementation-rules:rule-06-02；patent-law:law-06-04,专利权处于独占或者排他许可有效期限内的,,
平面商标,平面商标,,mid,3,1,trademark-exam-guide-2021:tmeg-06-06-05-02-04-02-01；trademark-exam-guide-2021:tmeg-06-06-05-02-04-02-02；trademark-exam-guide-2021:tmeg-06-07-04-02-03-02,在先的平面商标,,
平台经营者,平台经营者,,mid,3,1,anti-unfair-competition-2025:aucl-02-08；anti-unfair-competition-2025:aucl-03-06；anti-unfair-competition-2025:aucl-04-09,平台经营者不得强制或者变相强制平台内经营者按照其定价规则,,
普通商标,普通商标,,mid,3,1,trademark-exam-guide-2021:tmeg-06-05-03-05；trademark-exam-guide-2021:tmeg-06-09-07-02-03；trademark-exam-guide-2021:tmeg-06-10-05-01,在审查该普通商标时除引证在先文字完全相同的证明商标外,,
普通许可,普通许可,,mid,3,2,ic-layout-regulations-2026:icld-04-03；patent-law:law-01-14；patent-law:law-06-04,普通许可,,
其他含义或者特定的表现形式,其他含义或者特定的表现形式,,mid,3,1,trademark-exam-guide-2021:tmeg-06-03-02-02-03；trademark-exam-guide-2021:tmeg-06-03-02-02-04；trademark-exam-guide-2021:tmeg-06-03-02-02-05,具有明确的其他含义或者特定的表现形式,,
企业字号,企业字号,,mid,3,1,trademark-exam-guide-2021:tmeg-06-01-01-03；trademark-exam-guide-2021:tmeg-06-02-05-03-03；trademark-exam-guide-2021:tmeg-06-02-05-05-04,已登记使用并有一定影响的企业字号,,
三维形状,三维形状,,mid,3,1,trademark-exam-guide-2021:tmeg-06-06-05-02-04-01-03；trademark-exam-guide-2021:tmeg-06-06-05-02-04-02-02；trademark-exam-guide-2021:tmeg-06-06-05-03,不具有显著特征的三维形状,,
商标国际异议申请,商标国际异议申请,,mid,3,1,trademark-exam-guide-2021:tmeg-04-03-02-05-03；trademark-exam-guide-2021:tmeg-04-03-02-06；trademark-exam-guide-2021:tmeg-04-03-05-03,委托代理事项应当为“商标国际异议申请”,,
商标失效,商标失效,商标已经失效,mid,3,1,trademark-exam-guide-2021:tmeg-04-06-07-03-02；trademark-exam-guide-2021:tmeg-04-06-08-02-02；trademark-exam-guide-2021:tmeg-04-06-09-02-02,商标已经失效,,
商标使用方式,商标使用方式,,mid,3,1,trademark-exam-guide-2021:tmeg-01-02-04-02-02；trademark-exam-guide-2021:tmeg-01-02-04-03-02；trademark-exam-guide-2021:tmeg-06-05-03-02-02-05,报送商标使用方式的,,
商标注册部门,商标注册部门,,mid,3,1,trademark-exam-guide-2021:tmeg-04-02-08-02；trademark-exam-guide-2021:tmeg-04-02-09-02；trademark-exam-guide-2021:tmeg-05-03-01-01-02,该代理机构需已在商标注册部门备案,,
商标注册证明,商标注册证明,,mid,3,1,trademark-exam-guide-2021:tmeg-05-04-02-04；trademark-exam-guide-2021:tmeg-05-04-02-06-01；trademark-exam-guide-2021:tmeg-05-04-02-06-02,允许申请人申请出具其中的部分类别的商标注册证明,,
商标转让合同,商标转让合同,,mid,3,1,trademark-exam-guide-2021:tmeg-03-02-01-02-03-01；trademark-exam-guide-2021:tmeg-03-02-01-02-03-02；trademark-exam-guide-2021:tmeg-03-02-01-02-03-03,商标转让合同,,
商标转让受让人,商标转让受让人,,mid,3,1,trademark-exam-guide-2021:tmeg-01-01-04-03-01-01-01；trademark-exam-guide-2021:tmeg-01-01-04-03-01-02；trademark-exam-guide-2021:tmeg-01-01-04-03-02,商标注册申请人、商标转让受让人填写的联系地址,,
商业规则和方法特征,商业规则和方法特征,,mid,3,1,examination-guideline:02-09-06-01；examination-guideline:02-09-06-02；examination-guideline:02-09-06-03,该方法中包含的特征全部是与返利规则相关的商业规则和方法特征,,
申请权,申请权,,mid,3,2,examination-guideline:03-01-05-10；plant-variety-regulations-2025:pvpr-02-05；plant-variety-regulations-2025:pvpr-07-04,变更后的申请人享有申请权的证明材料,,
申请人主体资格,申请人主体资格,,mid,3,1,trademark-exam-guide-2021:tmeg-06-09-07-01；trademark-exam-guide-2021:tmeg-06-09-07-03-01-01；trademark-exam-guide-2021:tmeg-06-09-07-03-02-01,申请人主体资格、使用管理规则等特有事项的审查,,
世界知识产权组织,世界知识产权组织,,mid,3,2,examination-guideline:05-05-06；trademark-exam-guide-2021:tmeg-01-05-01-04-01；trademark-exam-guide-2021:tmeg-04-03-03-01,或世界知识产权组织国际局提交专利国际申请,,
市场份额,市场份额,,mid,3,1,anti-monopoly-law-2022:aml-03-02；anti-monopoly-law-2022:aml-03-03；anti-monopoly-law-2022:aml-04-09,该经营者在相关市场的市场份额,,
受理局,受理局,,mid,3,2,examination-guideline:03-01-05-10；examination-guideline:03-01-05-11；implementation-rules:rule-11-11,或受理局的要求,,
算法特征,算法特征,,mid,3,1,examination-guideline:02-09-06-01；examination-guideline:02-09-06-02；examination-guideline:02-09-06-03,对于包含算法特征或商业规则和方法特征的发明专利申请,,
同日申请,同日申请,,mid,3,3,examination-guideline:04-07；implementation-rules:rule-05-02；patent-law:law-01-09,同一专利权人同日（仅指申请日）申请的一项实用新型专利权和一项发明专利权,,
图形商标,图形商标,,mid,3,1,trademark-exam-guide-2021:tmeg-02-03-02-01；trademark-exam-guide-2021:tmeg-02-03-03-03；trademark-exam-guide-2021:tmeg-06-05-03-03-02,应仅根据图形商标的实际形状进行分类,,
玩忽职守,玩忽职守,,mid,3,3,anti-unfair-competition-2025:aucl-04-16；customs-ip-protection-2018:cusr-04-04；patent-law:law-07-17,玩忽职守,,
无效宣告请求费,无效宣告请求费,,mid,3,2,examination-guideline:05-02-01；implementation-rules:rule-10-01；implementation-rules:rule-10-07,著录事项变更费、专利权评价报告请求费、无效宣告请求费的缴纳期限,,
显著部分,显著部分,,mid,3,1,trademark-exam-guide-2021:tmeg-02-03-03-05；trademark-exam-guide-2021:tmeg-06-03-02-02-08-02-03；trademark-exam-guide-2021:tmeg-06-04-02-02-04-02,商标以文字或字母为显著部分,,
行业协会,行业协会,,mid,3,1,anti-monopoly-law-2022:aml-01-14；anti-monopoly-law-2022:aml-02-06；anti-monopoly-law-2022:aml-07-01,行业协会,,
行政裁决,行政裁决,,mid,3,2,ic-layout-regulations-2026:icld-04-09；ic-layout-regulations-2026:icld-04-10；patent-law:law-07-13,作出行政裁决,,
行政诉讼,行政诉讼,,mid,3,3,anti-unfair-competition-2025:aucl-04-15；ip-evidence-rules-2020:ipev-06；trademark-exam-guide-2021:tmeg-04-06-03-08,行政诉讼,,
虚假交易,虚假交易,,mid,3,1,anti-unfair-competition-2025:aucl-02-03；anti-unfair-competition-2025:aucl-02-07；anti-unfair-competition-2025:aucl-04-04,组织虚假交易、虚假评价,,
虚假评价,虚假评价,,mid,3,1,anti-unfair-competition-2025:aucl-02-03；anti-unfair-competition-2025:aucl-02-07；anti-unfair-competition-2025:aucl-04-04,组织虚假交易、虚假评价,,
徇私舞弊,徇私舞弊,,mid,3,3,anti-unfair-competition-2025:aucl-04-16；customs-ip-protection-2018:cusr-04-04；patent-law:law-07-17,徇私舞弊,,
一标多类,一标多类,,mid,3,1,trademark-exam-guide-2021:tmeg-01-03-03-03-01；trademark-exam-guide-2021:tmeg-03-03-04；trademark-exam-guide-2021:tmeg-05-04-02-04,一标多类,,
译文改正费,译文改正费,,mid,3,2,examination-guideline:03-01-05-08；examination-guideline:03-01-07；implementation-rules:rule-11-14,并且缴纳规定的译文改正费,,
优先权期限,优先权期限,,mid,3,2,examination-guideline:05-07-06；implementation-rules:rule-02-19；implementation-rules:rule-11-11,优先权期限,,
在先使用人,在先使用人,,mid,3,1,trademark-exam-guide-2021:tmeg-06-02-05-04；trademark-exam-guide-2021:tmeg-06-12-02-02；trademark-exam-guide-2021:tmeg-06-15-02-04,向商标在先使用人或者他人强迫商业合作,,
证据材料,证据材料,,mid,3,2,ip-evidence-rules-2020:ipev-14；trademark-exam-guide-2021:tmeg-01-05-02-02；trademark-exam-guide-2021:tmeg-01-05-02-03,拆装证据实物、篡改证据材料或者实施其他破坏证据的行为,,
纸质档案,纸质档案,,mid,3,1,trademark-exam-guide-2021:tmeg-05-05-01；trademark-exam-guide-2021:tmeg-05-05-02-02；trademark-exam-guide-2021:tmeg-05-05-02-03,纸质档案,,
指定局,指定局,,mid,3,1,examination-guideline:03-01-03；examination-guideline:03-01-05-10；examination-guideline:03-01-05-11,指定局根据申请人的明确的请求,,
注册人名称或地址变更,注册人名称或地址变更,,mid,3,1,trademark-exam-guide-2021:tmeg-04-02-02；trademark-exam-guide-2021:tmeg-04-02-04-01；trademark-exam-guide-2021:tmeg-04-02-12-02,注册人名称或地址变更,,
注册商标专用权,注册商标专用权,,mid,3,1,trademark-exam-guide-2021:tmeg-03-02-02-04；trademark-exam-guide-2021:tmeg-03-02-05-04；trademark-exam-guide-2021:tmeg-06-02-05-03-06,许可人的注册商标专用权上应不存在限制,,
专利保护的客体,专利保护的客体,,mid,3,1,examination-guideline:02-09-02；examination-guideline:02-09-03；examination-guideline:02-09-04,则该权利要求属于智力活动的规则和方法，不属于专利保护的客体,,
专利权评价报告请求书,专利权评价报告请求书,,mid,3,2,examination-guideline:05-10-02；implementation-rules:rule-03-21；implementation-rules:rule-03-22,专利权评价报告请求书,,
专利实施许可,专利实施许可,,mid,3,3,examination-guideline:05-11-01；implementation-rules:rule-06-03；patent-law:law-06-04,支付许可使用费后，即获得专利实施许可,,
专利文献,专利文献,,mid,3,3,examination-guideline:02-07-02；implementation-rules:rule-09-04；ip-evidence-rules-2020:ipev-08,发明专利申请实质审查程序中应当检索专利文献,,
自然人,自然人,,mid,3,1,trademark-exam-guide-2021:tmeg-03-02-01-03-01；trademark-exam-guide-2021:tmeg-04-01-05-01；trademark-exam-guide-2021:tmeg-04-01-05-06,自然人的民事权利能力和民事行为能力，依照《民法典》的相关规定进行界定,,
mm18表格,MM18表格,,mid,3,1,trademark-exam-guide-2021:tmeg-04-01-04；trademark-exam-guide-2021:tmeg-04-01-05-05；trademark-exam-guide-2021:tmeg-04-02-11-01,一并提交 MM18表格,,
《规范申请专利行为的规定》,《规范申请专利行为的规定》,,mid,2,1,examination-guideline:01-02-05；examination-guideline:02-01-05,适用《规范申请专利行为的规定》,,
《类似商品和服务区分表》,《类似商品和服务区分表》,,mid,2,1,trademark-exam-guide-2021:tmeg-06-17-06-04-02；trademark-exam-guide-2021:tmeg-06-17-06-05,《类似商品和服务区分表》,,
保护表演形象权,保护表演形象权,保护表演形象不受歪曲,mid,2,1,copyright-law-2020:cpl-04-02-02；copyright-law-2020:cpl-04-02-03,保护表演形象不受歪曲,,
保密基准,保密基准,,mid,2,1,examination-guideline:05-05-02；examination-guideline:05-05-03,保密的基准按照国家有关规定执行,,
保密专利权,保密专利权,,mid,2,1,implementation-rules:rule-01-07；implementation-rules:rule-03-20,以及保密专利权无效宣告的特殊程序,,
保全标的物,保全标的物,,mid,2,1,ip-evidence-rules-2020:ipev-12；ip-evidence-rules-2020:ipev-16,尽量减少对保全标的物价值的损害,,
保全措施,保全措施,,mid,2,2,examination-guideline:05-09-02；implementation-rules:rule-08-10,依照专利法实施细则第一百零四条规定的保全措施,,
备案知识产权,备案知识产权,,mid,2,1,customs-ip-protection-2018:cusr-03-02；customs-ip-protection-2018:cusr-03-05,侵权嫌疑货物涉嫌侵犯备案知识产权的，申请书还应当包括海关备案号,,
变化状态图,变化状态图,,mid,2,1,examination-guideline:01-03-04-02；examination-guideline:01-03-04-05,申请人还应当提交该外观设计产品的展开图、剖视图、剖面图、放大图以及变化状态图,,
表明表演者身份权,表明表演者身份权,表明表演者身份；表明身份,mid,2,1,copyright-law-2020:cpl-04-02-02；copyright-law-2020:cpl-04-02-03,表明表演者身份,,
驳回商标注册申请复审,驳回商标注册申请复审,,mid,2,1,trademark-exam-guide-2021:tmeg-05-05-04-01-01；trademark-exam-guide-2021:tmeg-05-05-04-01-02,驳回商标注册申请复审,,
补充材料,补充材料,,mid,2,1,trademark-exam-guide-2021:tmeg-04-03-04-02；trademark-exam-guide-2021:tmeg-04-03-04-03,商标国际异议申请补充材料须提交正、副本一式两份,,
补充证据,补充证据,,mid,2,1,trademark-exam-guide-2021:tmeg-06-19-03；trademark-exam-guide-2021:tmeg-06-19-04-01,当事人需要补充证据或者补正文件,,
补发注册证,补发注册证,,mid,2,1,trademark-exam-guide-2021:tmeg-05-04-04-05-01；trademark-exam-guide-2021:tmeg-05-04-04-05-02,补发注册证申请存在下列情形之一的,,
补正文件,补正文件,,mid,2,1,trademark-exam-guide-2021:tmeg-06-19-03；trademark-exam-guide-2021:tmeg-06-19-04-01,需要补充证据或者补正文件的期间,,
不利后果,不利后果,,mid,2,1,ip-evidence-rules-2020:ipev-13；ip-evidence-rules-2020:ipev-14,人民法院可以确定由其承担不利后果,,
财产权,财产权,,mid,2,1,copyright-law-2020:cpl-02-03-02；copyright-law-2020:cpl-03-03,财产权,,
撤回商标注册申请,撤回商标注册申请,,mid,2,1,trademark-exam-guide-2021:tmeg-01-02-06-01；trademark-exam-guide-2021:tmeg-01-02-06-02,申请人撤回商标注册申请的，应当提交,,
撤回无效宣告请求,撤回无效宣告请求,,mid,2,2,examination-guideline:04-04-13；implementation-rules:rule-04-12,无效宣告请求人有权请求撤回无效宣告请求,,
撤销理由,撤销理由,,mid,2,1,trademark-exam-guide-2021:tmeg-01-05-01-02；trademark-exam-guide-2021:tmeg-01-05-02-02,应列明具体撤销理由,,
串通合谋,串通合谋,,mid,2,1,trademark-exam-guide-2021:tmeg-06-12-02-04-04；trademark-exam-guide-2021:tmeg-06-16-02-02-02-03,具有串通合谋行为的,,
代理人名称或地址变更,代理人名称或地址变更,,mid,2,1,trademark-exam-guide-2021:tmeg-04-02-02；trademark-exam-guide-2021:tmeg-04-02-12-02,代理人名称或地址变更,,
待证事实,待证事实,,mid,2,1,ip-evidence-rules-2020:ipev-02；ip-evidence-rules-2020:ipev-19,当事人的主张及待证事实,,
单一颜色,单一颜色,,mid,2,1,trademark-exam-guide-2021:tmeg-01-02-03-01-04-03-02；trademark-exam-guide-2021:tmeg-06-07-04-01,不得对单一颜色进行申请注册,,
登记本,登记本,,mid,2,1,examination-guideline:03-01-03；examination-guideline:03-01-05-11,经国际局确认的“登记本”副本,,
登记证件,登记证件,登记证,mid,2,1,trademark-exam-guide-2021:tmeg-01-01-05-01-03-01；trademark-exam-guide-2021:tmeg-04-02-05-03,所属地区或国家的登记证件复印件,,
第一次申请的优先权,第一次申请的优先权,,mid,2,1,trademark-exam-guide-2021:tmeg-01-02-05-01；trademark-exam-guide-2021:tmeg-01-02-05-03,基于第一次申请的优先权,,
电商名称,电商名称,,mid,2,1,trademark-exam-guide-2021:tmeg-06-02-05-03-03；trademark-exam-guide-2021:tmeg-06-02-05-05-04,企业字号、电商名称,,
电子送达,电子送达,,mid,2,1,trademark-exam-guide-2021:tmeg-05-07-01；trademark-exam-guide-2021:tmeg-05-07-04,接受商标文件电子送达的,,
发明专利公报,发明专利公报,,mid,2,1,examination-guideline:03-01-06；examination-guideline:05-08-01-01,应当在发明专利公报上予以公布,,
罚款,罚款,,mid,2,2,anti-unfair-competition-2025:aucl-04-14；implementation-rules:rule-08-06,罚款,,
法定代表人,法定代表人,,mid,2,1,trademark-exam-guide-2021:tmeg-03-02-01-03-01；trademark-exam-guide-2021:tmeg-06-11-02-06-02,法人行使其处分权时由其法定代表人或其委托的人代表,,
法律实体,法律实体,,mid,2,1,trademark-exam-guide-2021:tmeg-04-01-05-01；trademark-exam-guide-2021:tmeg-04-01-05-06,申请人为法律实体的，指明性质和国家,,
放弃实用新型专利权,放弃实用新型专利权,,mid,2,2,examination-guideline:05-09-04；implementation-rules:rule-03-06,依据专利法第九条第一款和专利法实施细则第四十七条第四款声明放弃实用新型专利权,,
放弃专用权,放弃专用权,,mid,2,1,trademark-exam-guide-2021:tmeg-02-02-10-02；trademark-exam-guide-2021:tmeg-06-04-02-02-04-01,无论申请人是否声明放弃专用权,,
非自愿许可使用费,非自愿许可使用费,,mid,2,1,ic-layout-regulations-2026:icld-04-09；ic-layout-regulations-2026:icld-04-10,非自愿许可使用费,,
分案通知书,分案通知书,,mid,2,1,examination-guideline:02-08-04-04；examination-guideline:02-08-04-10,先向申请人发出分案通知书,,
复审请求书,复审请求书,,mid,2,2,examination-guideline:04-02-02；implementation-rules:rule-04-01,复审请求人应当提交复审请求书，说明理由,,
复制品,复制品,,mid,2,2,copyright-law-2020:cpl-05-11；ip-evidence-rules-2020:ipev-04,复制品的出版者、制作者,,
更正申请,更正申请,,mid,2,1,trademark-exam-guide-2021:tmeg-03-01-04-02；trademark-exam-guide-2021:tmeg-03-01-04-06,更正申请,,
更正申请件,更正申请件,,mid,2,1,trademark-exam-guide-2021:tmeg-04-05-03-03-01；trademark-exam-guide-2021:tmeg-04-05-03-03-02,将更正申请件分拣为对应的,,
工商营业场所,工商营业场所,,mid,2,1,trademark-exam-guide-2021:tmeg-04-01-05-08；trademark-exam-guide-2021:tmeg-04-02-05-02-02,符合在中国设有真实有效工商营业场所资格的,,
公平竞争,公平竞争,,mid,2,2,anti-monopoly-law-2022:aml-01-06；anti-unfair-competition-2025:aucl-01-01,经营者可以通过公平竞争、自愿联合,,
公证,公证,,mid,2,1,ip-evidence-rules-2020:ipev-08；ip-evidence-rules-2020:ipev-10,该证据未办理公证、认证等证明手续,,
关于微生物保藏的说明,关于微生物保藏的说明,PCT/RO/134表,mid,2,1,examination-guideline:03-01-05-05；examination-guideline:03-01-06,“关于微生物保藏的说明”（PCT/RO/134表）,,
广播电台、电视台,广播电台、电视台,,mid,2,1,copyright-law-2020:cpl-04-04-02；copyright-law-2020:cpl-04-04-03,广播电台、电视台播放他人未发表的作品,,
国际部分注销,国际部分注销,,mid,2,1,trademark-exam-guide-2021:tmeg-04-06-07-03-01；trademark-exam-guide-2021:tmeg-04-06-07-03-02,申请国际部分注销的商标,,
国际合并,国际合并,,mid,2,1,trademark-exam-guide-2021:tmeg-04-06-09-02-01；trademark-exam-guide-2021:tmeg-04-06-09-02-02,申请国际合并的商标为有效商标,,
国家安全,国家安全,,mid,2,2,examination-guideline:05-05-01；trademark-exam-guide-2021:tmeg-06-03-02-02-08-02-03,涉及国家安全或者重大利益两个方面的发明创造,,
国家秘密,国家秘密,,mid,2,2,ic-layout-regulations-2026:icld-05-05；patent-law:law-07-15,涉及泄露国家秘密、侵犯商业秘密的,,
国家申请号,国家申请号,,mid,2,1,examination-guideline:06-01-03；examination-guideline:06-01-04,专利局对国际局传送的外观设计国际申请给予国家申请号并进行后续审查,,
国内异议,国内异议,,mid,2,1,trademark-exam-guide-2021:tmeg-04-03-02-02；trademark-exam-guide-2021:tmeg-04-03-02-05-04,与国内异议标准相同,,
海关扣留凭单,海关扣留凭单,,mid,2,1,customs-ip-protection-2018:cusr-03-04；customs-ip-protection-2018:cusr-03-05,并将海关扣留凭单送达收货人或者发货人,,
呼叫,呼叫,,mid,2,1,trademark-exam-guide-2021:tmeg-06-05-03-03-03；trademark-exam-guide-2021:tmeg-06-05-03-04-01-02,呼叫和整体视觉上基本无差别,,
恢复权利请求,恢复权利请求,,mid,2,1,examination-guideline:03-01-02；examination-guideline:04-02-02,申请人按照专利法实施细则第六条第二款提出恢复权利请求的,,
恢复权利请求书,恢复权利请求书,,mid,2,2,examination-guideline:05-07-06；implementation-rules:rule-01-06,提交恢复权利请求书，说明理由，并同时缴纳恢复权利请求费,,
基础注册,基础注册,,mid,2,1,trademark-exam-guide-2021:tmeg-04-01-07-01；trademark-exam-guide-2021:tmeg-04-05-03-02-06,基础注册,,
计算机可读存储介质,计算机可读存储介质,,mid,2,1,examination-guideline:02-09-05；examination-guideline:02-09-07,一种计算机可读存储介质，其上存储有计算机程序,,
技术调查官,技术调查官,,mid,2,1,ip-evidence-rules-2020:ipev-15；ip-evidence-rules-2020:ipev-29,也可以指派技术调查官参与证据保全,,
假冒授权品种,假冒授权品种,,mid,2,1,plant-variety-regulations-2025:pvpr-07-02；plant-variety-regulations-2025:pvpr-07-03,假冒授权品种的,,
监督检查部门,监督检查部门,,mid,2,1,anti-unfair-competition-2025:aucl-03-01；anti-unfair-competition-2025:aucl-03-02,监督检查部门调查涉嫌不正当竞争行为，可以采取下列措施,,
检索资料,检索资料,,mid,2,2,implementation-rules:rule-03-14；patent-law:law-04-03,无法提交专利法第三十六条规定的检索资料,,
检验监督制度,检验监督制度,,mid,2,1,trademark-exam-guide-2021:tmeg-06-09-07-03-01-02；trademark-exam-guide-2021:tmeg-06-09-07-03-02-02,注册人对使用该集体商标商品的检验监督制度,,
鉴定意见,鉴定意见,,mid,2,1,ip-evidence-rules-2020:ipev-20；ip-evidence-rules-2020:ipev-23,鉴定意见,,
缴费码,缴费码,,mid,2,1,trademark-exam-guide-2021:tmeg-05-02-03；trademark-exam-guide-2021:tmeg-05-02-04-03-01,应当在银行汇款附言中写明正确的缴费码,,
缴费通知书,缴费通知书,,mid,2,2,examination-guideline:05-07-03；trademark-exam-guide-2021:tmeg-05-02-02,对尚未缴纳相关费用的专利发出缴费通知书,,
解除委托,解除委托,,mid,2,1,examination-guideline:01-01-06-01；examination-guideline:01-01-06-07,申请人（或专利权人）委托专利代理机构后，可以解除委托,,
介绍信,介绍信,,mid,2,1,trademark-exam-guide-2021:tmeg-05-05-03-01；trademark-exam-guide-2021:tmeg-05-05-03-02-02,公函或介绍信,,
进一步审查,进一步审查,,mid,2,1,anti-monopoly-law-2022:aml-04-06；anti-monopoly-law-2022:aml-04-07,作出是否实施进一步审查的决定,,
局部放大图,局部放大图,,mid,2,2,examination-guideline:01-01-04-03；mechanical-drafting-rules:mech-01-03-07,为使其中某一组成部分清楚显示，可以另外增加一幅局部放大图,,
宽展费,宽展费,,mid,2,1,trademark-exam-guide-2021:tmeg-04-02-03-03；trademark-exam-guide-2021:tmeg-04-02-12-03,则应缴纳宽展费,,
滥用专利权,滥用专利权,,mid,2,2,infringement-guide:infr-06-02；patent-law:law-01-20,不得滥用专利权损害公共利益或者他人合法权益,,
类似群,类似群,,mid,2,1,trademark-exam-guide-2021:tmeg-02-01-01；trademark-exam-guide-2021:tmeg-06-13-04-02,商标注册部门将尼斯分类的商品和服务项目划分类似群,,
类似商品/服务,类似商品/服务,,mid,2,1,trademark-exam-guide-2021:tmeg-03-02-01-09-01；trademark-exam-guide-2021:tmeg-03-02-01-09-03,同一种或者类似商品/服务上注册,,
马德里商标国际注册,马德里商标国际注册,,mid,2,1,trademark-exam-guide-2021:tmeg-04-01-07-01；trademark-exam-guide-2021:tmeg-04-02-03-02,马德里商标国际注册,,
民事权益,民事权益,,mid,2,1,trademark-exam-guide-2021:tmeg-06-01-02-07；trademark-exam-guide-2021:tmeg-06-16-02-02-02-01,对于损害特定主体民事权益的情形,,
民事行为能力,民事行为能力,,mid,2,1,trademark-exam-guide-2021:tmeg-03-02-01-03-01；trademark-exam-guide-2021:tmeg-05-03-01-02,法人享有独立的民事权利能力和民事行为能力,,
赔偿责任,赔偿责任,,mid,2,2,customs-ip-protection-2018:cusr-04-02；ic-layout-regulations-2026:icld-05-01,知识产权权利人应当依法承担赔偿责任,,
平台规则,平台规则,,mid,2,2,anti-monopoly-law-2022:aml-01-09；anti-unfair-competition-2025:aucl-02-07,以及平台规则等,,
平台内经营者,平台内经营者,,mid,2,1,anti-unfair-competition-2025:aucl-02-08；anti-unfair-competition-2025:aucl-04-09,平台经营者不得强制或者变相强制平台内经营者按照其定价规则,,
评审程序,评审程序,,mid,2,1,trademark-exam-guide-2021:tmeg-06-02-05-03-05；trademark-exam-guide-2021:tmeg-06-14-02-02-06-03,异议、评审程序中有证据证明,,
剖面线,剖面线,,mid,2,2,examination-guideline:01-01-04-03；mechanical-drafting-rules:mech-01-03-07,剖面图中的剖面线不得妨碍附图标记线和主线条的清楚识别,,
强制执行,强制执行,,mid,2,2,ic-layout-regulations-2026:icld-05-02；patent-law:law-07-02,请求人民法院强制执行,,
抢注,抢注,,mid,2,1,trademark-exam-guide-2021:tmeg-01-03-03-03-04-01；trademark-exam-guide-2021:tmeg-06-01-01-02,抢注,,
侵犯品种权,侵犯品种权,,mid,2,1,plant-variety-regulations-2025:pvpr-07-01；plant-variety-regulations-2025:pvpr-07-03,有侵犯品种权行为的,,
侵犯知识产权货物,侵犯知识产权货物,,mid,2,1,customs-ip-protection-2018:cusr-02-01；customs-ip-protection-2018:cusr-04-03,已知的侵犯知识产权货物的制造商、进出口商,,
侵权复制品,侵权复制品,,mid,2,1,copyright-law-2020:cpl-05-06；copyright-law-2020:cpl-05-10,侵权复制品,,
请求保护色彩,请求保护色彩,,mid,2,1,examination-guideline:01-03-04-03；examination-guideline:04-05-03,如果外观设计专利申请请求保护色彩，应当在简要说明中声明,,
权利管理信息,权利管理信息,,mid,2,1,copyright-law-2020:cpl-05-03；copyright-law-2020:cpl-05-05,权利管理信息,,
权属争议,权属争议,,mid,2,2,plant-variety-regulations-2025:pvpr-07-04；trademark-exam-guide-2021:tmeg-03-02-02-04,品种权的权属发生争议,,
确认援引项目或部分决定的通知书,确认援引项目或部分决定的通知书,PCT/RO/114表,mid,2,1,examination-guideline:03-01-05-03；examination-guideline:03-02-03,“确认援引项目或部分决定的通知书”（PCT/RO/114表）,,
人文因素,人文因素,,mid,2,1,trademark-exam-guide-2021:tmeg-06-09-07-04-02-02；trademark-exam-guide-2021:tmeg-06-09-07-05-08-02,野生蜈蚣特定品质的形成与产地人文因素无必然联系,,
认证,认证,,mid,2,1,ip-evidence-rules-2020:ipev-08；ip-evidence-rules-2020:ipev-10,该证据未办理公证、认证等证明手续,,
商标构成要素,商标构成要素,,mid,2,1,trademark-exam-guide-2021:tmeg-01-02-03-01-04-03-02；trademark-exam-guide-2021:tmeg-06-07-04-02-03-01,车辆轮廓和外形不是商标构成要素,,
商标权,商标权,,mid,2,1,trademark-exam-guide-2021:tmeg-05-04-01-03；trademark-exam-guide-2021:tmeg-06-01-01-03,受让人取得商标权后,,
商标使用管理规则,商标使用管理规则,,mid,2,1,trademark-exam-guide-2021:tmeg-04-06-03-05；trademark-exam-guide-2021:tmeg-04-06-04-05,商标使用管理规则,,
商标使用许可,商标使用许可,,mid,2,1,trademark-exam-guide-2021:tmeg-05-06-02；trademark-exam-guide-2021:tmeg-06-12-02-04-02,商标使用许可备案公告,,
商标续展,商标续展,,mid,2,1,trademark-exam-guide-2021:tmeg-05-02-01；trademark-exam-guide-2021:tmeg-05-04-03-02,受理商标续展注册费,,
商标注册标记,商标注册标记,,mid,2,1,trademark-exam-guide-2021:tmeg-01-02-04-02-02；trademark-exam-guide-2021:tmeg-01-02-04-03-02,商标图样中含有商标注册标记的,,
商标注册簿,商标注册簿,,mid,2,1,trademark-exam-guide-2021:tmeg-05-05-04-01-01；trademark-exam-guide-2021:tmeg-06-17-06-02,商标注册簿,,
商标注册大厅,商标注册大厅,,mid,2,1,trademark-exam-guide-2021:tmeg-05-03-02-01；trademark-exam-guide-2021:tmeg-05-03-02-02,到商标注册大厅领取,,
商标注册申请书,商标注册申请书,,mid,2,1,trademark-exam-guide-2021:tmeg-01-02-04-03-01；trademark-exam-guide-2021:tmeg-04-05-01-04,商标注册申请书式不规范,,
商标转让申请,商标转让申请,,mid,2,1,trademark-exam-guide-2021:tmeg-01-04-03-03；trademark-exam-guide-2021:tmeg-05-04-03-03,商标续展申请、商标转让申请、商标异议申请,,
商品声誉,商品声誉,,mid,2,1,anti-unfair-competition-2025:aucl-02-06；anti-unfair-competition-2025:aucl-04-07,损害其他经营者的商业信誉、商品声誉,,
商业信誉,商业信誉,,mid,2,1,anti-unfair-competition-2025:aucl-02-06；anti-unfair-competition-2025:aucl-04-07,损害其他经营者的商业信誉、商品声誉,,
少数民族文字,少数民族文字,,mid,2,1,trademark-exam-guide-2021:tmeg-02-02-02-01；trademark-exam-guide-2021:tmeg-02-02-09,少数民族文字（蒙文、满文、藏文等）、非英文文字按图形处理,,
社会主义市场经济,社会主义市场经济,,mid,2,1,anti-monopoly-law-2022:aml-01-01；anti-monopoly-law-2022:aml-01-04,促进社会主义市场经济健康发展,,
申请专利的权利,申请专利的权利,,mid,2,1,patent-law:law-01-06；patent-law:law-01-08,职务发明创造申请专利的权利属于该单位,,
身份不明的作品,身份不明的作品,,mid,2,1,copyright-law-rules-2013:cplr-13；copyright-law-rules-2013:cplr-18,身份不明的作品,,
审查费,审查费,,mid,2,1,plant-variety-regulations-2025:pvpr-05-02；plant-variety-regulations-2025:pvpr-05-03,缴纳审查费,,
审查期限,审查期限,,mid,2,1,anti-monopoly-law-2022:aml-04-07；anti-monopoly-law-2022:aml-04-08,延长前款规定的审查期限,,
生产经营目的,生产经营目的,,mid,2,1,patent-law:law-01-11；patent-law:law-07-14,为生产经营目的制造、使用、许诺销售、销售、进口,,
生物材料,生物材料,,mid,2,1,implementation-rules:rule-02-11；implementation-rules:rule-02-12,申请专利的发明涉及新的生物材料，该生物材料公众不能得到,,
生物材料样品保藏证明,生物材料样品保藏证明,,mid,2,1,examination-guideline:03-01-05-05；examination-guideline:05-01-06,提交生物材料样品保藏证明和存活证明的期限是自进入日起四个月,,
声誉,声誉,,mid,2,1,trademark-exam-guide-2021:tmeg-06-09-07-05-06-03；trademark-exam-guide-2021:tmeg-06-09-07-05-07,没有声誉，不符合地理标志商标注册的条件,,
识别商品来源的功能,识别商品来源的功能,,mid,2,1,trademark-exam-guide-2021:tmeg-06-12-02-05-02；trademark-exam-guide-2021:tmeg-06-17-06-03-03,识别商品来源的功能,,
实际收到日,实际收到日,,mid,2,1,trademark-exam-guide-2021:tmeg-01-03-03-01-01；trademark-exam-guide-2021:tmeg-01-03-03-01-02,以商标注册部门实际收到日为准,,
实用新型专利权,实用新型专利权,,mid,2,1,implementation-rules:rule-03-06；implementation-rules:rule-11-13,实用新型专利权自公告授予发明专利权之日起终止,,
实质审查请求书,实质审查请求书,,mid,2,1,examination-guideline:02-08-03；examination-guideline:05-01-07,审查员应当查对申请文档中是否有实质审查请求书,,
使用人,使用人,,mid,2,1,trademark-exam-guide-2021:tmeg-06-09-07-03-02-02；trademark-exam-guide-2021:tmeg-06-17-06-04-05,使用人违反使用管理规则应当承担的责任,,
市场占有率,市场占有率,,mid,2,1,trademark-exam-guide-2021:tmeg-03-02-01-06；trademark-exam-guide-2021:tmeg-06-10-05-04-03,商标知名度愈高、市场占有率愈大,,
视为未要求优先权通知书,视为未要求优先权通知书,,mid,2,1,examination-guideline:01-03-05；examination-guideline:03-01-05-02,审查员应当发出视为未要求优先权通知书,,
首次申请,首次申请,,mid,2,1,examination-guideline:02-08-04-06；examination-guideline:04-05-09,该在先申请是否是记载了同一主题的首次申请,,
受理通知书,受理通知书,,mid,2,1,trademark-exam-guide-2021:tmeg-04-01-05-10；trademark-exam-guide-2021:tmeg-04-02-12-02,申请人缴纳规费后，下发受理通知书,,
受让人主体资格,受让人主体资格,,mid,2,1,trademark-exam-guide-2021:tmeg-04-06-03-05；trademark-exam-guide-2021:tmeg-04-06-04-05,受让人主体资格,,
授权公告,授权公告,,mid,2,2,examination-guideline:05-05-04；plant-variety-regulations-2025:pvpr-05-05,保密专利申请的授权公告仅公布专利号、申请日和授权公告日,,
授予发明专利权通知书,授予发明专利权通知书,,mid,2,1,examination-guideline:02-08-04-11；examination-guideline:05-06-01,审查员应当发出授予发明专利权通知书,,
书面形式,书面形式,,mid,2,2,implementation-rules:rule-01-02；trademark-exam-guide-2021:tmeg-04-02-12-01,应当以书面形式或者国务院专利行政部门规定的其他形式办理,,
诉讼代理人,诉讼代理人,,mid,2,1,ip-evidence-rules-2020:ipev-15；ip-evidence-rules-2020:ipev-29,可以要求当事人或者诉讼代理人到场,,
损害社会公共利益,损害社会公共利益,,mid,2,1,copyright-law-rules-2013:cplr-36；copyright-law-rules-2013:cplr-37,同时损害社会公共利益,,
停止侵权行为,停止侵权行为,,mid,2,1,ic-layout-regulations-2026:icld-05-01；ic-layout-regulations-2026:icld-05-02,应当立即停止侵权行为,,
通用规范汉字,通用规范汉字,,mid,2,1,trademark-exam-guide-2021:tmeg-01-01-04-01；trademark-exam-guide-2021:tmeg-05-01-03-01,使用国家公布的通用规范汉字填写，不应使用异体字、繁体字、非规范简化字,,
通用图形,通用图形,,mid,2,1,trademark-exam-guide-2021:tmeg-06-04-02-02-01-02；trademark-exam-guide-2021:tmeg-06-17-06-03-03,是指定商品苹果的通用图形,,
外文证据,外文证据,,mid,2,2,examination-guideline:04-08-02；trademark-exam-guide-2021:tmeg-01-04-03-04-03,当事人提交外文证据的，应当提交中文译文,,
违法经营额,违法经营额,,mid,2,2,anti-unfair-competition-2025:aucl-04-02；copyright-law-2020:cpl-05-05,违法经营额五万元以上的,,
违反法定程序,违反法定程序,,mid,2,1,examination-guideline:04-01-08；examination-guideline:04-02-05,因违反法定程序导致审查决定被撤销的,,
唯一对应关系,唯一对应关系,,mid,2,1,trademark-exam-guide-2021:tmeg-06-03-02-02-08-02-03；trademark-exam-guide-2021:tmeg-06-03-02-02-09-05,在相关公众的认知中，与申请人形成了唯一对应关系,,
委托人,委托人,,mid,2,2,examination-guideline:03-01-05-01；trademark-exam-guide-2021:tmeg-04-01-05-09,申请人（即委托人）的原文姓名或名称,,
未发表的作品,未发表的作品,,mid,2,2,copyright-law-2020:cpl-04-04-02；copyright-law-rules-2013:cplr-17,播放他人未发表的作品，应当取得著作权人许可,,
无效宣告请求人,无效宣告请求人,,mid,2,2,examination-guideline:04-04-05；implementation-rules:rule-04-06,先由无效宣告请求人陈述无效宣告请求的范围及其理由,,
无效宣告申请,无效宣告申请,,mid,2,1,trademark-exam-guide-2021:tmeg-01-04-03-01；trademark-exam-guide-2021:tmeg-01-04-03-05-03,对注册商标提出无效宣告申请,,
无障碍方式,无障碍方式,,mid,2,1,copyright-law-2020:cpl-02-04-01；copyright-law-2020:cpl-05-02,无障碍方式,,
系列商标,系列商标,,mid,2,1,trademark-exam-guide-2021:tmeg-06-05-03-04-01-16；trademark-exam-guide-2021:tmeg-06-05-03-04-02-02,易使相关公众认为属于系列商标而对商品或者服务的来源产生混淆,,
现场检查,现场检查,,mid,2,2,anti-monopoly-law-2022:aml-06-02；patent-law:law-07-06,进入被调查的经营者的营业场所或者其他有关场所进行检查,,
协同行为,协同行为,,mid,2,1,anti-monopoly-law-2022:aml-02-01；anti-monopoly-law-2022:aml-08-02,协同行为,,
协助执行通知,协助执行通知,,mid,2,1,customs-ip-protection-2018:cusr-03-12；customs-ip-protection-2018:cusr-03-13,协助执行通知,,
协助执行通知书,协助执行通知书,,mid,2,2,implementation-rules:rule-08-10；trademark-exam-guide-2021:tmeg-03-02-01-02-02,收到写明申请号或者专利号的裁定书和协助执行通知书之日,,
信用记录,信用记录,,mid,2,2,anti-unfair-competition-2025:aucl-04-12；plant-variety-regulations-2025:pvpr-07-07,记入信用记录,,
行业自律,行业自律,,mid,2,2,anti-monopoly-law-2022:aml-01-14；anti-unfair-competition-2025:aucl-01-06,加强行业自律,,
行政处分,行政处分,,mid,2,2,customs-ip-protection-2018:cusr-04-04；patent-law:law-07-15,尚不构成犯罪的，依法给予行政处分,,
行政复议,行政复议,,mid,2,2,anti-unfair-competition-2025:aucl-04-15；trademark-exam-guide-2021:tmeg-04-06-03-08,行政复议,,
修改对照表,修改对照表,,mid,2,1,examination-guideline:02-08-05-02；examination-guideline:04-03-04,提交替换页和修改对照表,,
选定通知书,选定通知书,PCT/IB/331表,mid,2,1,examination-guideline:03-01-02；examination-guideline:03-01-05-12,以国际局传送的“选定通知书”（PCT/IB/331表）为依据,,
移转,移转,,mid,2,1,trademark-exam-guide-2021:tmeg-03-02-01-02-02；trademark-exam-guide-2021:tmeg-03-02-01-09-02,办理移转手续时,,
异议理由,异议理由,,mid,2,2,ip-evidence-rules-2020:ipev-17；trademark-exam-guide-2021:tmeg-04-03-02-05-04,人民法院经审查认为异议理由成立的,,
异议理由书,异议理由书,,mid,2,1,trademark-exam-guide-2021:tmeg-01-03-02-02；trademark-exam-guide-2021:tmeg-04-03-02-03,可以另附“异议理由书”,,
异议申请书,异议申请书,,mid,2,1,trademark-exam-guide-2021:tmeg-01-03-03-03-01；trademark-exam-guide-2021:tmeg-01-03-05-01,异议申请书,,
异议主体,异议主体,,mid,2,1,trademark-exam-guide-2021:tmeg-01-04-03-01；trademark-exam-guide-2021:tmeg-04-03-02-02,异议主体,,
营业场所,营业场所,,mid,2,2,plant-variety-regulations-2025:pvpr-04-02；trademark-exam-guide-2021:tmeg-04-01-03-01,营业场所,,
用途发明,用途发明,,mid,2,2,examination-guideline:02-01-04-01；oa-response-guide:oa-07-01,化学物质的“用途发明”上表现最为突出,,
优先权要求的撤回,优先权要求的撤回,,mid,2,1,examination-guideline:01-01-06-02；examination-guideline:06-02-06-02,申请人要求优先权之后，可以撤回优先权要求,,
有效注册商标,有效注册商标,,mid,2,1,trademark-exam-guide-2021:tmeg-01-05-02-02；trademark-exam-guide-2021:tmeg-03-01-01-04,有效注册商标,,
有专门知识的人,有专门知识的人,,mid,2,1,ip-evidence-rules-2020:ipev-15；ip-evidence-rules-2020:ipev-28,可以根据当事人的申请通知有专门知识的人到场,,
原始申请文件,原始申请文件,,mid,2,1,examination-guideline:02-08-03；examination-guideline:02-08-04-01,需查对的文件包括原始申请文件及公布的申请文件,,
在后申请,在后申请,,mid,2,1,examination-guideline:02-08-04-06；examination-guideline:04-05-09,与要求优先权的在后申请相同的主题,,
责令改正,责令改正,,mid,2,2,anti-unfair-competition-2025:aucl-04-14；implementation-rules:rule-08-05,责令改正,,
展会的优先权,展会的优先权,,mid,2,1,trademark-exam-guide-2021:tmeg-01-02-05-01；trademark-exam-guide-2021:tmeg-01-02-05-03,基于展会的优先权,,
整体外观,整体外观,,mid,2,1,trademark-exam-guide-2021:tmeg-06-05-03-04-01-04；trademark-exam-guide-2021:tmeg-06-05-03-04-01-05,商标含义、字形或者整体外观区别明显,,
证据持有人,证据持有人,,mid,2,1,ip-evidence-rules-2020:ipev-11；ip-evidence-rules-2020:ipev-12,可能采取的保全措施对证据持有人的影响,,
证据目录清单,证据目录清单,,mid,2,1,trademark-exam-guide-2021:tmeg-01-04-03-05-03；trademark-exam-guide-2021:tmeg-01-04-04-02,证据目录清单,,
知晓程度,知晓程度,,mid,2,1,trademark-exam-guide-2021:tmeg-06-10-03；trademark-exam-guide-2021:tmeg-06-10-05-04-02,相关公众对该商标的知晓程度,,
植物品种保护名录,植物品种保护名录,,mid,2,1,plant-variety-regulations-2025:pvpr-03-01；plant-variety-regulations-2025:pvpr-05-01,申请品种权的植物新品种应当属于国家植物品种保护名录中列举的植物的属或者种,,
指定代理人,指定代理人,,mid,2,1,trademark-exam-guide-2021:tmeg-04-02-02；trademark-exam-guide-2021:tmeg-04-02-12-02,指定代理人,,
指定国家,指定国家,,mid,2,1,trademark-exam-guide-2021:tmeg-04-05-03-02-01；trademark-exam-guide-2021:tmeg-04-05-03-02-02,在指定国家列表中添加中国的,,
指定中国,指定中国,,mid,2,2,examination-guideline:03-01-02；implementation-rules:rule-12-01,只要国际申请指定了中国，根据专利法实施细则第一百一十九条的规定,,
中国国家阶段,中国国家阶段,,mid,2,2,examination-guideline:02-07-11；implementation-rules:rule-11-16,应当通过补充检索查看其是否进入了中国国家阶段并作出了中文公布,,
中途退庭,中途退庭,,mid,2,1,examination-guideline:04-04-09；examination-guideline:04-04-13,当事人不得中途退庭,,
主动提出修改,主动提出修改,,mid,2,2,examination-guideline:03-01-05-07；implementation-rules:rule-11-13,对专利申请文件主动提出修改,,
主债权,主债权,,mid,2,1,trademark-exam-guide-2021:tmeg-03-02-03-04；trademark-exam-guide-2021:tmeg-03-02-03-05,质权合同担保的主债权数额变更的,,
注册代理人,注册代理人,,mid,2,1,trademark-exam-guide-2021:tmeg-01-05-01-04-01；trademark-exam-guide-2021:tmeg-01-05-01-09-02,记载的注册代理人名义及地址,,
注册人,注册人,,mid,2,1,trademark-exam-guide-2021:tmeg-04-02-10-03；trademark-exam-guide-2021:tmeg-04-02-11-03,注册人名称必须与国际注册簿保持一致,,
注册商标无效宣告,注册商标无效宣告,,mid,2,1,trademark-exam-guide-2021:tmeg-05-05-04-01-01；trademark-exam-guide-2021:tmeg-05-05-04-01-02,注册商标无效宣告申请书,,
注册商标争议,注册商标争议,,mid,2,1,trademark-exam-guide-2021:tmeg-05-05-04-01-01；trademark-exam-guide-2021:tmeg-05-05-04-01-02,注册商标争议申请书,,
著录事项,著录事项,,mid,2,2,examination-guideline:05-08-01-02；implementation-rules:rule-09-02,发明专利申请公布的内容包括：著录事项、摘要和摘要附图,,
专利产品,专利产品,,mid,2,1,implementation-rules:rule-08-05；implementation-rules:rule-08-07,在其专利产品或者该产品的包装上,,
专利登记簿副本,专利登记簿副本,外观设计国际申请专利登记簿副本,mid,2,1,examination-guideline:05-09-01；examination-guideline:06-01-03,专利登记簿副本依据专利登记簿制作,,
专利复审委员会,专利复审委员会,,mid,2,2,examination-guideline:05-05-04；infringement-guide:infr-06-01,国防知识产权局专利复审委员会作出宣告国防专利权无效决定的,,
专利侵权纠纷,专利侵权纠纷,,mid,2,2,implementation-rules:rule-08-02；patent-law:law-07-03,请求国务院专利行政部门处理专利侵权纠纷,,
专利权评价报告请求费,专利权评价报告请求费,,mid,2,2,examination-guideline:05-02-01；implementation-rules:rule-10-07,著录事项变更费、专利权评价报告请求费、无效宣告请求费的缴纳期限,,
专利权无效宣告请求书,专利权无效宣告请求书,无效宣告请求书,mid,2,1,implementation-rules:rule-04-05；implementation-rules:rule-04-08,应当向国务院专利行政部门提交专利权无效宣告请求书和必要的证据一式两份,,
专利权质押,专利权质押,,mid,2,1,implementation-rules:rule-06-02；implementation-rules:rule-08-11,专利权被质押，未经质权人同意的,,
专利权质押登记,专利权质押登记,,mid,2,1,examination-guideline:05-08-01-03；examination-guideline:05-11-09,专利权质押登记公布的项目包括,,
专用权,专用权,,mid,2,1,trademark-exam-guide-2021:tmeg-01-02-03-01-04-02-01；trademark-exam-guide-2021:tmeg-01-02-03-01-04-02-02,申请人不要求专用权保护,,
转让,转让,,mid,2,1,trademark-exam-guide-2021:tmeg-01-05-01-04-02；trademark-exam-guide-2021:tmeg-03-01-01-06-02,对于正在办理转让的商标,,
状态标志,状态标志,,mid,2,1,trademark-exam-guide-2021:tmeg-04-06-05-04；trademark-exam-guide-2021:tmeg-04-06-07-04,商品或者服务项目的状态标志,,
最后位置规则,最后位置规则,,mid,2,1,examination-guideline:01-04-05；examination-guideline:02-07-05,优先规则（最先位置规则、最后位置规则）,,
mm4表格,MM4表格,,mid,2,1,trademark-exam-guide-2021:tmeg-04-02-11-01；trademark-exam-guide-2021:tmeg-04-02-11-03,MM4表格,,
